_status,_productId,_name,_quantity,_mrp,_whId,_snapshot,_location,_area,_rackId,_binId,_barcode,_newLocation,_newArea,_newRack,_newBin,_towhId,_autoApprove,serialNo
Pending,PR17752,KPB - Biscuit (1011),1,8020,WMF3,WH35812,KPB-HOLDING,KPB-HOLDINGAR-WMF3-1,Rack-1,Bin-1,32323265,Normal,NormalAR-WMF3-1,Rack-1,Bin-1,WMF3,true
Pending,PR17752,KPB - Biscuit (1011),1,8020,WMF3,WH35813,KPB-HOLDING,KPB-HOLDINGAR-WMF3-1,Rack-1,Bin-1,32323265,Normal,NormalAR-WMF3-1,Rack-1,Bin-1,WMF3,true,KPB2000897
Pending,PR17752,KPB - Biscuit (1011),1,8020,WMF3,WH35814,KPB-HOLDING,KPB-HOLDINGAR-WMF3-1,Rack-1,Bin-1,32323265,Normal,NormalAR-WMF3-1,Rack-1,Bin-1,WMF3,true,KPB2000898
Pending,PR17752,KPB - Biscuit (1011),1,8020,WMF3,WH35815,KPB-HOLDING,KPB-HOLDINGAR-WMF3-1,Rack-1,Bin-1,32323265,Normal,NormalAR-WMF3-1,Rack-1,Bin-1,WMF3,true,KPB2000900
Pending,PR17752,KPB - Biscuit (1011),1,8020,WMF3,WH35816,KPB-HOLDING,KPB-HOLDINGAR-WMF3-1,Rack-1,Bin-1,32323265,Normal,NormalAR-WMF3-1,Rack-1,Bin-1,WMF3,true,KPB2000899
Pending,PR17776,KPB - Biscuit (1012),1,4700,WMF3,WH35825,KPB-HOLDING,KPB-HOLDINGAR-WMF3-1,Rack-1,Bin-1,923810815,Normal,NormalAR-WMF3-1,Rack-1,Bin-1,WMF3,true,KPB2000884
Pending,PR17776,KPB - Biscuit (1012),1,4700,WMF3,WH35826,KPB-HOLDING,KPB-HOLDINGAR-WMF3-1,Rack-1,Bin-1,923810815,Normal,NormalAR-WMF3-1,Rack-1,Bin-1,WMF3,true,KPB2000885
Pending,PR17776,KPB - Biscuit (1012),1,4700,WMF3,WH35827,KPB-HOLDING,KPB-HOLDINGAR-WMF3-1,Rack-1,Bin-1,923810815,Normal,NormalAR-WMF3-1,Rack-1,Bin-1,WMF3,true,KPB2000886
Pending,PR17776,KPB - Biscuit (1012),1,4700,WMF3,WH35828,KPB-HOLDING,KPB-HOLDINGAR-WMF3-1,Rack-1,Bin-1,923810815,Normal,NormalAR-WMF3-1,Rack-1,Bin-1,WMF3,true,KPB2000887
Pending,PR17776,KPB - Biscuit (1012),1,4700,WMF3,WH35829,KPB-HOLDING,KPB-HOLDINGAR-WMF3-1,Rack-1,Bin-1,923810815,Normal,NormalAR-WMF3-1,Rack-1,Bin-1,WMF3,true,KPB2000888
Pending,PR17787,KPB - Biscuit (1014),1,3880,WMF3,WH35817,KPB-HOLDING,KPB-HOLDINGAR-WMF3-1,Rack-1,Bin-1,923810859,Normal,NormalAR-WMF3-1,Rack-1,Bin-1,WMF3,true,KPB2000901
Pending,PR17787,KPB - Biscuit (1014),1,3880,WMF3,WH35818,KPB-HOLDING,KPB-HOLDINGAR-WMF3-1,Rack-1,Bin-1,923810859,Normal,NormalAR-WMF3-1,Rack-1,Bin-1,WMF3,true,KPB2000902
Pending,PR17787,KPB - Biscuit (1014),1,3880,WMF3,WH35819,KPB-HOLDING,KPB-HOLDINGAR-WMF3-1,Rack-1,Bin-1,923810859,Normal,NormalAR-WMF3-1,Rack-1,Bin-1,WMF3,true,KPB2000903
Pending,PR17787,KPB - Biscuit (1014),1,3880,WMF3,WH35820,KPB-HOLDING,KPB-HOLDINGAR-WMF3-1,Rack-1,Bin-1,923810859,Normal,NormalAR-WMF3-1,Rack-1,Bin-1,WMF3,true,KPB2000904
Pending,PR17787,KPB - Biscuit (1014),1,3880,WMF3,WH35821,KPB-HOLDING,KPB-HOLDINGAR-WMF3-1,Rack-1,Bin-1,923810859,Normal,NormalAR-WMF3-1,Rack-1,Bin-1,WMF3,true,KPB2000905
Pending,PR17299,"KPB - Boost, Bournvita & Horlicks Health Drinks (10007)",1,4110,WMF3,WH34289,KPB-HOLDING,KPB-HOLDINGAR-WMF3-2,Rack-1,Bin-1,35509931490,Normal,NormalAR-WMF3-1,Rack-1,Bin-1,WMF3,true,KPB2000562
Pending,PR17813,"KPB - Boost, Horlicks & MTR Health Drinks (1002)",1,3738,WMF3,WH34340,KPB-HOLDING,KPB-HOLDINGAR-WMF3-2,Rack-1,Bin-1,43365940A,Normal,NormalAR-WMF3-1,Rack-1,Bin-1,WMF3,true,KPB2000502
Pending,PR17813,"KPB - Boost, Horlicks & MTR Health Drinks (1002)",1,3738,WMF3,WH34341,KPB-HOLDING,KPB-HOLDINGAR-WMF3-2,Rack-1,Bin-1,43365940A,Normal,NormalAR-WMF3-1,Rack-1,Bin-1,WMF3,true,KPB2000503
Pending,PR17813,"KPB - Boost, Horlicks & MTR Health Drinks (1002)",1,3738,WMF3,WH34342,KPB-HOLDING,KPB-HOLDINGAR-WMF3-2,Rack-1,Bin-1,43365940A,Normal,NormalAR-WMF3-1,Rack-1,Bin-1,WMF3,true,KPB2000504
Pending,PR17813,"KPB - Boost, Horlicks & MTR Health Drinks (1002)",1,3738,WMF3,WH34343,KPB-HOLDING,KPB-HOLDINGAR-WMF3-2,Rack-1,Bin-1,43365940A,Normal,NormalAR-WMF3-1,Rack-1,Bin-1,WMF3,true,KPB2000505
Pending,PR17813,"KPB - Boost, Horlicks & MTR Health Drinks (1002)",1,3738,WMF3,WH34344,KPB-HOLDING,KPB-HOLDINGAR-WMF3-2,Rack-1,Bin-1,43365940A,Normal,NormalAR-WMF3-1,Rack-1,Bin-1,WMF3,true,KPB2000506
Pending,PR17813,"KPB - Boost, Horlicks & MTR Health Drinks (1002)",1,3738,WMF3,WH34345,KPB-HOLDING,KPB-HOLDINGAR-WMF3-2,Rack-1,Bin-1,43365940A,Normal,NormalAR-WMF3-1,Rack-1,Bin-1,WMF3,true,KPB2000507
Pending,PR17813,"KPB - Boost, Horlicks & MTR Health Drinks (1002)",1,3738,WMF3,WH34346,KPB-HOLDING,KPB-HOLDINGAR-WMF3-2,Rack-1,Bin-1,43365940A,Normal,NormalAR-WMF3-1,Rack-1,Bin-1,WMF3,true,KPB2000508
Pending,PR17813,"KPB - Boost, Horlicks & MTR Health Drinks (1002)",1,3738,WMF3,WH34347,KPB-HOLDING,KPB-HOLDINGAR-WMF3-2,Rack-1,Bin-1,43365940A,Normal,NormalAR-WMF3-1,Rack-1,Bin-1,WMF3,true,KPB2000509
Pending,PR17813,"KPB - Boost, Horlicks & MTR Health Drinks (1002)",1,3738,WMF3,WH34348,KPB-HOLDING,KPB-HOLDINGAR-WMF3-2,Rack-1,Bin-1,43365940A,Normal,NormalAR-WMF3-1,Rack-1,Bin-1,WMF3,true,KPB2000510
Pending,PR17813,"KPB - Boost, Horlicks & MTR Health Drinks (1002)",1,3738,WMF3,WH34349,KPB-HOLDING,KPB-HOLDINGAR-WMF3-2,Rack-1,Bin-1,43365940A,Normal,NormalAR-WMF3-1,Rack-1,Bin-1,WMF3,true,KPB2000511
Pending,PR17813,"KPB - Boost, Horlicks & MTR Health Drinks (1002)",1,3738,WMF3,WH35304,KPB-HOLDING,KPB-HOLDINGAR-WMF3-2,Rack-1,Bin-1,43365940A,Normal,NormalAR-WMF3-1,Rack-1,Bin-1,WMF3,true,KPB2000702
Pending,PR17813,"KPB - Boost, Horlicks & MTR Health Drinks (1002)",1,3738,WMF3,WH35305,KPB-HOLDING,KPB-HOLDINGAR-WMF3-2,Rack-1,Bin-1,43365940A,Normal,NormalAR-WMF3-1,Rack-1,Bin-1,WMF3,true,KPB2000703
Pending,PR17813,"KPB - Boost, Horlicks & MTR Health Drinks (1002)",1,3738,WMF3,WH35306,KPB-HOLDING,KPB-HOLDINGAR-WMF3-2,Rack-1,Bin-1,43365940A,Normal,NormalAR-WMF3-1,Rack-1,Bin-1,WMF3,true,KPB2000704
Pending,PR17813,"KPB - Boost, Horlicks & MTR Health Drinks (1002)",1,3738,WMF3,WH35307,KPB-HOLDING,KPB-HOLDINGAR-WMF3-2,Rack-1,Bin-1,43365940A,Normal,NormalAR-WMF3-1,Rack-1,Bin-1,WMF3,true,KPB2000705
Pending,PR17813,"KPB - Boost, Horlicks & MTR Health Drinks (1002)",1,3738,WMF3,WH35308,KPB-HOLDING,KPB-HOLDINGAR-WMF3-2,Rack-1,Bin-1,43365940A,Normal,NormalAR-WMF3-1,Rack-1,Bin-1,WMF3,true,KPB2000706
Pending,PR17813,"KPB - Boost, Horlicks & MTR Health Drinks (1002)",1,3738,WMF3,WH35309,KPB-HOLDING,KPB-HOLDINGAR-WMF3-2,Rack-1,Bin-1,43365940A,Normal,NormalAR-WMF3-1,Rack-1,Bin-1,WMF3,true,KPB2000707
Pending,PR17813,"KPB - Boost, Horlicks & MTR Health Drinks (1002)",1,3738,WMF3,WH35310,KPB-HOLDING,KPB-HOLDINGAR-WMF3-2,Rack-1,Bin-1,43365940A,Normal,NormalAR-WMF3-1,Rack-1,Bin-1,WMF3,true,KPB2000708
Pending,PR17813,"KPB - Boost, Horlicks & MTR Health Drinks (1002)",1,3738,WMF3,WH35311,KPB-HOLDING,KPB-HOLDINGAR-WMF3-2,Rack-1,Bin-1,43365940A,Normal,NormalAR-WMF3-1,Rack-1,Bin-1,WMF3,true,KPB2000709
Pending,PR17813,"KPB - Boost, Horlicks & MTR Health Drinks (1002)",1,3738,WMF3,WH35312,KPB-HOLDING,KPB-HOLDINGAR-WMF3-2,Rack-1,Bin-1,43365940A,Normal,NormalAR-WMF3-1,Rack-1,Bin-1,WMF3,true,KPB2000710
Pending,PR17813,"KPB - Boost, Horlicks & MTR Health Drinks (1002)",1,3738,WMF3,WH35313,KPB-HOLDING,KPB-HOLDINGAR-WMF3-2,Rack-1,Bin-1,43365940A,Normal,NormalAR-WMF3-1,Rack-1,Bin-1,WMF3,true,KPB2000711
Pending,PR17819,"KPB - Boost, Horlicks & MTR Health Drinks (1003)",1,3288,WMF3,WH34300,KPB-HOLDING,KPB-HOLDINGAR-WMF3-2,Rack-1,Bin-1,43371166D,Normal,NormalAR-WMF3-1,Rack-1,Bin-1,WMF3,true,KPB2000542
Pending,PR17819,"KPB - Boost, Horlicks & MTR Health Drinks (1003)",1,3288,WMF3,WH34301,KPB-HOLDING,KPB-HOLDINGAR-WMF3-2,Rack-1,Bin-1,43371166D,Normal,NormalAR-WMF3-1,Rack-1,Bin-1,WMF3,true,KPB2000543
Pending,PR17819,"KPB - Boost, Horlicks & MTR Health Drinks (1003)",1,3288,WMF3,WH34302,KPB-HOLDING,KPB-HOLDINGAR-WMF3-2,Rack-1,Bin-1,43371166D,Normal,NormalAR-WMF3-1,Rack-1,Bin-1,WMF3,true,KPB2000544
Pending,PR17819,"KPB - Boost, Horlicks & MTR Health Drinks (1003)",1,3288,WMF3,WH34303,KPB-HOLDING,KPB-HOLDINGAR-WMF3-2,Rack-1,Bin-1,43371166D,Normal,NormalAR-WMF3-1,Rack-1,Bin-1,WMF3,true,KPB2000545
Pending,PR17819,"KPB - Boost, Horlicks & MTR Health Drinks (1003)",1,3288,WMF3,WH34304,KPB-HOLDING,KPB-HOLDINGAR-WMF3-2,Rack-1,Bin-1,43371166D,Normal,NormalAR-WMF3-1,Rack-1,Bin-1,WMF3,true,KPB2000546
Pending,PR17819,"KPB - Boost, Horlicks & MTR Health Drinks (1003)",1,3288,WMF3,WH34305,KPB-HOLDING,KPB-HOLDINGAR-WMF3-2,Rack-1,Bin-1,43371166D,Normal,NormalAR-WMF3-1,Rack-1,Bin-1,WMF3,true,KPB2000547
Pending,PR17819,"KPB - Boost, Horlicks & MTR Health Drinks (1003)",1,3288,WMF3,WH34306,KPB-HOLDING,KPB-HOLDINGAR-WMF3-2,Rack-1,Bin-1,43371166D,Normal,NormalAR-WMF3-1,Rack-1,Bin-1,WMF3,true,KPB2000548
Pending,PR17819,"KPB - Boost, Horlicks & MTR Health Drinks (1003)",1,3288,WMF3,WH34307,KPB-HOLDING,KPB-HOLDINGAR-WMF3-2,Rack-1,Bin-1,43371166D,Normal,NormalAR-WMF3-1,Rack-1,Bin-1,WMF3,true,KPB2000549
Pending,PR17819,"KPB - Boost, Horlicks & MTR Health Drinks (1003)",1,3288,WMF3,WH34308,KPB-HOLDING,KPB-HOLDINGAR-WMF3-2,Rack-1,Bin-1,43371166D,Normal,NormalAR-WMF3-1,Rack-1,Bin-1,WMF3,true,KPB2000550
Pending,PR17819,"KPB - Boost, Horlicks & MTR Health Drinks (1003)",1,3288,WMF3,WH34309,KPB-HOLDING,KPB-HOLDINGAR-WMF3-2,Rack-1,Bin-1,43371166D,Normal,NormalAR-WMF3-1,Rack-1,Bin-1,WMF3,true,KPB2000551
Pending,PR17819,"KPB - Boost, Horlicks & MTR Health Drinks (1003)",1,3288,WMF3,WH34320,KPB-HOLDING,KPB-HOLDINGAR-WMF3-2,Rack-1,Bin-1,43371166D,Normal,NormalAR-WMF3-1,Rack-1,Bin-1,WMF3,true,KPB2000522
Pending,PR17819,"KPB - Boost, Horlicks & MTR Health Drinks (1003)",1,3288,WMF3,WH34321,KPB-HOLDING,KPB-HOLDINGAR-WMF3-2,Rack-1,Bin-1,43371166D,Normal,NormalAR-WMF3-1,Rack-1,Bin-1,WMF3,true,KPB2000523
Pending,PR17819,"KPB - Boost, Horlicks & MTR Health Drinks (1003)",1,3288,WMF3,WH34322,KPB-HOLDING,KPB-HOLDINGAR-WMF3-2,Rack-1,Bin-1,43371166D,Normal,NormalAR-WMF3-1,Rack-1,Bin-1,WMF3,true,KPB2000524
Pending,PR17819,"KPB - Boost, Horlicks & MTR Health Drinks (1003)",1,3288,WMF3,WH34323,KPB-HOLDING,KPB-HOLDINGAR-WMF3-2,Rack-1,Bin-1,43371166D,Normal,NormalAR-WMF3-1,Rack-1,Bin-1,WMF3,true,KPB2000525
Pending,PR17819,"KPB - Boost, Horlicks & MTR Health Drinks (1003)",1,3288,WMF3,WH34324,KPB-HOLDING,KPB-HOLDINGAR-WMF3-2,Rack-1,Bin-1,43371166D,Normal,NormalAR-WMF3-1,Rack-1,Bin-1,WMF3,true,KPB2000526
Pending,PR17819,"KPB - Boost, Horlicks & MTR Health Drinks (1003)",1,3288,WMF3,WH34325,KPB-HOLDING,KPB-HOLDINGAR-WMF3-2,Rack-1,Bin-1,43371166D,Normal,NormalAR-WMF3-1,Rack-1,Bin-1,WMF3,true,KPB2000527
Pending,PR17819,"KPB - Boost, Horlicks & MTR Health Drinks (1003)",1,3288,WMF3,WH34326,KPB-HOLDING,KPB-HOLDINGAR-WMF3-2,Rack-1,Bin-1,43371166D,Normal,NormalAR-WMF3-1,Rack-1,Bin-1,WMF3,true,KPB2000528
Pending,PR17819,"KPB - Boost, Horlicks & MTR Health Drinks (1003)",1,3288,WMF3,WH34327,KPB-HOLDING,KPB-HOLDINGAR-WMF3-2,Rack-1,Bin-1,43371166D,Normal,NormalAR-WMF3-1,Rack-1,Bin-1,WMF3,true,KPB2000529
Pending,PR17819,"KPB - Boost, Horlicks & MTR Health Drinks (1003)",1,3288,WMF3,WH34328,KPB-HOLDING,KPB-HOLDINGAR-WMF3-2,Rack-1,Bin-1,43371166D,Normal,NormalAR-WMF3-1,Rack-1,Bin-1,WMF3,true,KPB2000530
Pending,PR17819,"KPB - Boost, Horlicks & MTR Health Drinks (1003)",1,3288,WMF3,WH34329,KPB-HOLDING,KPB-HOLDINGAR-WMF3-2,Rack-1,Bin-1,43371166D,Normal,NormalAR-WMF3-1,Rack-1,Bin-1,WMF3,true,KPB2000531
Pending,PR17819,"KPB - Boost, Horlicks & MTR Health Drinks (1003)",1,3288,WMF3,WH35284,KPB-HOLDING,KPB-HOLDINGAR-WMF3-2,Rack-1,Bin-1,43371166D,Normal,NormalAR-WMF3-1,Rack-1,Bin-1,WMF3,true,KPB2000722
Pending,PR17819,"KPB - Boost, Horlicks & MTR Health Drinks (1003)",1,3288,WMF3,WH35285,KPB-HOLDING,KPB-HOLDINGAR-WMF3-2,Rack-1,Bin-1,43371166D,Normal,NormalAR-WMF3-1,Rack-1,Bin-1,WMF3,true,KPB2000723
Pending,PR17819,"KPB - Boost, Horlicks & MTR Health Drinks (1003)",1,3288,WMF3,WH35286,KPB-HOLDING,KPB-HOLDINGAR-WMF3-2,Rack-1,Bin-1,43371166D,Normal,NormalAR-WMF3-1,Rack-1,Bin-1,WMF3,true,KPB2000724
Pending,PR17819,"KPB - Boost, Horlicks & MTR Health Drinks (1003)",1,3288,WMF3,WH35287,KPB-HOLDING,KPB-HOLDINGAR-WMF3-2,Rack-1,Bin-1,43371166D,Normal,NormalAR-WMF3-1,Rack-1,Bin-1,WMF3,true,KPB2000725
Pending,PR17819,"KPB - Boost, Horlicks & MTR Health Drinks (1003)",1,3288,WMF3,WH35288,KPB-HOLDING,KPB-HOLDINGAR-WMF3-2,Rack-1,Bin-1,43371166D,Normal,NormalAR-WMF3-1,Rack-1,Bin-1,WMF3,true,KPB2000726
Pending,PR17819,"KPB - Boost, Horlicks & MTR Health Drinks (1003)",1,3288,WMF3,WH35289,KPB-HOLDING,KPB-HOLDINGAR-WMF3-2,Rack-1,Bin-1,43371166D,Normal,NormalAR-WMF3-1,Rack-1,Bin-1,WMF3,true,KPB2000727
Pending,PR17819,"KPB - Boost, Horlicks & MTR Health Drinks (1003)",1,3288,WMF3,WH35290,KPB-HOLDING,KPB-HOLDINGAR-WMF3-2,Rack-1,Bin-1,43371166D,Normal,NormalAR-WMF3-1,Rack-1,Bin-1,WMF3,true,KPB2000728
Pending,PR17819,"KPB - Boost, Horlicks & MTR Health Drinks (1003)",1,3288,WMF3,WH35291,KPB-HOLDING,KPB-HOLDINGAR-WMF3-2,Rack-1,Bin-1,43371166D,Normal,NormalAR-WMF3-1,Rack-1,Bin-1,WMF3,true,KPB2000729
Pending,PR17819,"KPB - Boost, Horlicks & MTR Health Drinks (1003)",1,3288,WMF3,WH35292,KPB-HOLDING,KPB-HOLDINGAR-WMF3-2,Rack-1,Bin-1,43371166D,Normal,NormalAR-WMF3-1,Rack-1,Bin-1,WMF3,true,KPB2000730
Pending,PR17819,"KPB - Boost, Horlicks & MTR Health Drinks (1003)",1,3288,WMF3,WH35293,KPB-HOLDING,KPB-HOLDINGAR-WMF3-2,Rack-1,Bin-1,43371166D,Normal,NormalAR-WMF3-1,Rack-1,Bin-1,WMF3,true,KPB2000731
Pending,PR17755,KPB - Candy & Chewing Gum (1011),1,6944,WMF3,WH35822,KPB-HOLDING,KPB-HOLDINGAR-WMF3-1,Rack-1,Bin-1,32351297,Normal,NormalAR-WMF3-1,Rack-1,Bin-1,WMF3,true,KPB2000883
Pending,PR17755,KPB - Candy & Chewing Gum (1011),1,6944,WMF3,WH35823,KPB-HOLDING,KPB-HOLDINGAR-WMF3-1,Rack-1,Bin-1,32351297,Normal,NormalAR-WMF3-1,Rack-1,Bin-1,WMF3,true,KPB2000894
Pending,PR17755,KPB - Candy & Chewing Gum (1011),1,6944,WMF3,WH35824,KPB-HOLDING,KPB-HOLDINGAR-WMF3-1,Rack-1,Bin-1,32351297,Normal,NormalAR-WMF3-1,Rack-1,Bin-1,WMF3,true,KPB2000895
Pending,PR17777,KPB - Candy & Chewing Gum (1012),1,6296,WMF3,WH35196,KPB-HOLDING,KPB-HOLDINGAR-WMF3-2,Rack-1,Bin-1,141,Normal,NormalAR-WMF3-1,Rack-1,Bin-1,WMF3,true,KPB2000779
Pending,PR17777,KPB - Candy & Chewing Gum (1012),1,6296,WMF3,WH35197,KPB-HOLDING,KPB-HOLDINGAR-WMF3-2,Rack-1,Bin-1,141,Normal,NormalAR-WMF3-1,Rack-1,Bin-1,WMF3,true,KPB2000780
Pending,PR17777,KPB - Candy & Chewing Gum (1012),1,6296,WMF3,WH35198,KPB-HOLDING,KPB-HOLDINGAR-WMF3-2,Rack-1,Bin-1,141,Normal,NormalAR-WMF3-1,Rack-1,Bin-1,WMF3,true,KPB2000781
Pending,PR17777,KPB - Candy & Chewing Gum (1012),1,6296,WMF3,WH35199,KPB-HOLDING,KPB-HOLDINGAR-WMF3-2,Rack-1,Bin-1,141,Normal,NormalAR-WMF3-1,Rack-1,Bin-1,WMF3,true,KPB2000782
Pending,PR17777,KPB - Candy & Chewing Gum (1012),1,6296,WMF3,WH35200,KPB-HOLDING,KPB-HOLDINGAR-WMF3-2,Rack-1,Bin-1,141,Normal,NormalAR-WMF3-1,Rack-1,Bin-1,WMF3,true,KPB2000783
Pending,PR17777,KPB - Candy & Chewing Gum (1012),1,6296,WMF3,WH35830,KPB-HOLDING,KPB-HOLDINGAR-WMF3-1,Rack-1,Bin-1,141,Normal,NormalAR-WMF3-1,Rack-1,Bin-1,WMF3,true,KPB2000889
Pending,PR17777,KPB - Candy & Chewing Gum (1012),1,6296,WMF3,WH35831,KPB-HOLDING,KPB-HOLDINGAR-WMF3-1,Rack-1,Bin-1,141,Normal,NormalAR-WMF3-1,Rack-1,Bin-1,WMF3,true,KPB2000890
Pending,PR17777,KPB - Candy & Chewing Gum (1012),1,6296,WMF3,WH35832,KPB-HOLDING,KPB-HOLDINGAR-WMF3-1,Rack-1,Bin-1,141,Normal,NormalAR-WMF3-1,Rack-1,Bin-1,WMF3,true,KPB2000891
Pending,PR17777,KPB - Candy & Chewing Gum (1012),1,6296,WMF3,WH35833,KPB-HOLDING,KPB-HOLDINGAR-WMF3-1,Rack-1,Bin-1,141,Normal,NormalAR-WMF3-1,Rack-1,Bin-1,WMF3,true,KPB2000892
Pending,PR17777,KPB - Candy & Chewing Gum (1012),1,6296,WMF3,WH35834,KPB-HOLDING,KPB-HOLDINGAR-WMF3-1,Rack-1,Bin-1,141,Normal,NormalAR-WMF3-1,Rack-1,Bin-1,WMF3,true,KPB2000893
Pending,PR17799,KPB - Candy & Chewing Gum (1014),1,4524,WMF3,WH35777,KPB-HOLDING,KPB-HOLDINGAR-WMF3-1,Rack-1,Bin-1,23240501DG,Normal,NormalAR-WMF3-1,Rack-1,Bin-1,WMF3,true,KPB2000827
Pending,PR17799,KPB - Candy & Chewing Gum (1014),1,4524,WMF3,WH35778,KPB-HOLDING,KPB-HOLDINGAR-WMF3-1,Rack-1,Bin-1,23240501DG,Normal,NormalAR-WMF3-1,Rack-1,Bin-1,WMF3,true,KPB2000828
Pending,PR17799,KPB - Candy & Chewing Gum (1014),1,4524,WMF3,WH35779,KPB-HOLDING,KPB-HOLDINGAR-WMF3-1,Rack-1,Bin-1,23240501DG,Normal,NormalAR-WMF3-1,Rack-1,Bin-1,WMF3,true,KPB2000829
Pending,PR17799,KPB - Candy & Chewing Gum (1014),1,4524,WMF3,WH35780,KPB-HOLDING,KPB-HOLDINGAR-WMF3-1,Rack-1,Bin-1,23240501DG,Normal,NormalAR-WMF3-1,Rack-1,Bin-1,WMF3,true,KPB2000830
Pending,PR17799,KPB - Candy & Chewing Gum (1014),1,4524,WMF3,WH35781,KPB-HOLDING,KPB-HOLDINGAR-WMF3-1,Rack-1,Bin-1,23240501DG,Normal,NormalAR-WMF3-1,Rack-1,Bin-1,WMF3,true,KPB2000831
Pending,PR17595,KPB - Detergent Bar & Detergent Powder (1010),1,2320,WMF3,WH34279,KPB-HOLDING,KPB-HOLDINGAR-WMF3-2,Rack-1,Bin-1,12129765R,Normal,NormalAR-WMF3-1,Rack-1,Bin-1,WMF3,true,KPB2000563
Pending,PR17595,KPB - Detergent Bar & Detergent Powder (1010),1,2320,WMF3,WH34280,KPB-HOLDING,KPB-HOLDINGAR-WMF3-2,Rack-1,Bin-1,12129765R,Normal,NormalAR-WMF3-1,Rack-1,Bin-1,WMF3,true,KPB2000564
Pending,PR17595,KPB - Detergent Bar & Detergent Powder (1010),1,2320,WMF3,WH34281,KPB-HOLDING,KPB-HOLDINGAR-WMF3-2,Rack-1,Bin-1,12129765R,Normal,NormalAR-WMF3-1,Rack-1,Bin-1,WMF3,true,KPB2000565
Pending,PR17595,KPB - Detergent Bar & Detergent Powder (1010),1,2320,WMF3,WH34282,KPB-HOLDING,KPB-HOLDINGAR-WMF3-2,Rack-1,Bin-1,12129765R,Normal,NormalAR-WMF3-1,Rack-1,Bin-1,WMF3,true,KPB2000566
Pending,PR17595,KPB - Detergent Bar & Detergent Powder (1010),1,2320,WMF3,WH34283,KPB-HOLDING,KPB-HOLDINGAR-WMF3-2,Rack-1,Bin-1,12129765R,Normal,NormalAR-WMF3-1,Rack-1,Bin-1,WMF3,true,KPB2000567
Pending,PR17595,KPB - Detergent Bar & Detergent Powder (1010),1,2320,WMF3,WH34284,KPB-HOLDING,KPB-HOLDINGAR-WMF3-2,Rack-1,Bin-1,12129765R,Normal,NormalAR-WMF3-1,Rack-1,Bin-1,WMF3,true,KPB2000568
Pending,PR17595,KPB - Detergent Bar & Detergent Powder (1010),1,2320,WMF3,WH34285,KPB-HOLDING,KPB-HOLDINGAR-WMF3-2,Rack-1,Bin-1,12129765R,Normal,NormalAR-WMF3-1,Rack-1,Bin-1,WMF3,true,KPB2000569
Pending,PR17595,KPB - Detergent Bar & Detergent Powder (1010),1,2320,WMF3,WH34286,KPB-HOLDING,KPB-HOLDINGAR-WMF3-2,Rack-1,Bin-1,12129765R,Normal,NormalAR-WMF3-1,Rack-1,Bin-1,WMF3,true,KPB2000570
Pending,PR17595,KPB - Detergent Bar & Detergent Powder (1010),1,2320,WMF3,WH34287,KPB-HOLDING,KPB-HOLDINGAR-WMF3-2,Rack-1,Bin-1,12129765R,Normal,NormalAR-WMF3-1,Rack-1,Bin-1,WMF3,true,KPB2000571
Pending,PR17595,KPB - Detergent Bar & Detergent Powder (1010),1,2320,WMF3,WH34288,KPB-HOLDING,KPB-HOLDINGAR-WMF3-2,Rack-1,Bin-1,12129765R,Normal,NormalAR-WMF3-1,Rack-1,Bin-1,WMF3,true,KPB2000572
Pending,PR17595,KPB - Detergent Bar & Detergent Powder (1010),1,2320,WMF3,WH34402,KPB-HOLDING,KPB-HOLDINGAR-WMF3-2,Rack-1,Bin-1,12129765R,Normal,NormalAR-WMF3-1,Rack-1,Bin-1,WMF3,true,KPB2000492
Pending,PR17595,KPB - Detergent Bar & Detergent Powder (1010),1,2320,WMF3,WH34403,KPB-HOLDING,KPB-HOLDINGAR-WMF3-2,Rack-1,Bin-1,12129765R,Normal,NormalAR-WMF3-1,Rack-1,Bin-1,WMF3,true,KPB2000493
Pending,PR17595,KPB - Detergent Bar & Detergent Powder (1010),1,2320,WMF3,WH34404,KPB-HOLDING,KPB-HOLDINGAR-WMF3-2,Rack-1,Bin-1,12129765R,Normal,NormalAR-WMF3-1,Rack-1,Bin-1,WMF3,true,KPB2000494
Pending,PR17595,KPB - Detergent Bar & Detergent Powder (1010),1,2320,WMF3,WH34405,KPB-HOLDING,KPB-HOLDINGAR-WMF3-2,Rack-1,Bin-1,12129765R,Normal,NormalAR-WMF3-1,Rack-1,Bin-1,WMF3,true,KPB2000495
Pending,PR17595,KPB - Detergent Bar & Detergent Powder (1010),1,2320,WMF3,WH34406,KPB-HOLDING,KPB-HOLDINGAR-WMF3-2,Rack-1,Bin-1,12129765R,Normal,NormalAR-WMF3-1,Rack-1,Bin-1,WMF3,true,KPB2000496
Pending,PR17595,KPB - Detergent Bar & Detergent Powder (1010),1,2320,WMF3,WH34407,KPB-HOLDING,KPB-HOLDINGAR-WMF3-2,Rack-1,Bin-1,12129765R,Normal,NormalAR-WMF3-1,Rack-1,Bin-1,WMF3,true,KPB2000497
Pending,PR17595,KPB - Detergent Bar & Detergent Powder (1010),1,2320,WMF3,WH34408,KPB-HOLDING,KPB-HOLDINGAR-WMF3-2,Rack-1,Bin-1,12129765R,Normal,NormalAR-WMF3-1,Rack-1,Bin-1,WMF3,true,KPB2000498
Pending,PR17595,KPB - Detergent Bar & Detergent Powder (1010),1,2320,WMF3,WH34409,KPB-HOLDING,KPB-HOLDINGAR-WMF3-2,Rack-1,Bin-1,12129765R,Normal,NormalAR-WMF3-1,Rack-1,Bin-1,WMF3,true,KPB2000499
Pending,PR17595,KPB - Detergent Bar & Detergent Powder (1010),1,2320,WMF3,WH34410,KPB-HOLDING,KPB-HOLDINGAR-WMF3-2,Rack-1,Bin-1,12129765R,Normal,NormalAR-WMF3-1,Rack-1,Bin-1,WMF3,true,KPB2000500
Pending,PR17595,KPB - Detergent Bar & Detergent Powder (1010),1,2320,WMF3,WH34411,KPB-HOLDING,KPB-HOLDINGAR-WMF3-2,Rack-1,Bin-1,12129765R,Normal,NormalAR-WMF3-1,Rack-1,Bin-1,WMF3,true,KPB2000501
Pending,PR17595,KPB - Detergent Bar & Detergent Powder (1010),1,2320,WMF3,WH35360,KPB-HOLDING,KPB-HOLDINGAR-WMF3-2,Rack-1,Bin-1,12129765R,Normal,NormalAR-WMF3-1,Rack-1,Bin-1,WMF3,true,KPB2000692
Pending,PR17595,KPB - Detergent Bar & Detergent Powder (1010),1,2320,WMF3,WH35361,KPB-HOLDING,KPB-HOLDINGAR-WMF3-2,Rack-1,Bin-1,12129765R,Normal,NormalAR-WMF3-1,Rack-1,Bin-1,WMF3,true,KPB2000693
Pending,PR17595,KPB - Detergent Bar & Detergent Powder (1010),1,2320,WMF3,WH35362,KPB-HOLDING,KPB-HOLDINGAR-WMF3-2,Rack-1,Bin-1,12129765R,Normal,NormalAR-WMF3-1,Rack-1,Bin-1,WMF3,true,KPB2000694
Pending,PR17595,KPB - Detergent Bar & Detergent Powder (1010),1,2320,WMF3,WH35363,KPB-HOLDING,KPB-HOLDINGAR-WMF3-2,Rack-1,Bin-1,12129765R,Normal,NormalAR-WMF3-1,Rack-1,Bin-1,WMF3,true,KPB2000695
Pending,PR17595,KPB - Detergent Bar & Detergent Powder (1010),1,2320,WMF3,WH35364,KPB-HOLDING,KPB-HOLDINGAR-WMF3-2,Rack-1,Bin-1,12129765R,Normal,NormalAR-WMF3-1,Rack-1,Bin-1,WMF3,true,KPB2000696
Pending,PR17595,KPB - Detergent Bar & Detergent Powder (1010),1,2320,WMF3,WH35365,KPB-HOLDING,KPB-HOLDINGAR-WMF3-2,Rack-1,Bin-1,12129765R,Normal,NormalAR-WMF3-1,Rack-1,Bin-1,WMF3,true,KPB2000697
Pending,PR17595,KPB - Detergent Bar & Detergent Powder (1010),1,2320,WMF3,WH35366,KPB-HOLDING,KPB-HOLDINGAR-WMF3-2,Rack-1,Bin-1,12129765R,Normal,NormalAR-WMF3-1,Rack-1,Bin-1,WMF3,true,KPB2000698
Pending,PR17595,KPB - Detergent Bar & Detergent Powder (1010),1,2320,WMF3,WH35367,KPB-HOLDING,KPB-HOLDINGAR-WMF3-2,Rack-1,Bin-1,12129765R,Normal,NormalAR-WMF3-1,Rack-1,Bin-1,WMF3,true,KPB2000699
Pending,PR17595,KPB - Detergent Bar & Detergent Powder (1010),1,2320,WMF3,WH35368,KPB-HOLDING,KPB-HOLDINGAR-WMF3-2,Rack-1,Bin-1,12129765R,Normal,NormalAR-WMF3-1,Rack-1,Bin-1,WMF3,true,KPB2000700
Pending,PR17595,KPB - Detergent Bar & Detergent Powder (1010),1,2320,WMF3,WH35369,KPB-HOLDING,KPB-HOLDINGAR-WMF3-2,Rack-1,Bin-1,12129765R,Normal,NormalAR-WMF3-1,Rack-1,Bin-1,WMF3,true,KPB2000701
Pending,PR17756,KPB - Dishwash Bar & Detergent Bar (1011),1,5016,WMF3,WH35691,KPB-HOLDING,KPB-HOLDINGAR-WMF3-1,Rack-1,Bin-1,32356553,Normal,NormalAR-WMF3-1,Rack-1,Bin-1,WMF3,true,KPB2000870
Pending,PR17756,KPB - Dishwash Bar & Detergent Bar (1011),1,5016,WMF3,WH35692,KPB-HOLDING,KPB-HOLDINGAR-WMF3-1,Rack-1,Bin-1,32356553,Normal,NormalAR-WMF3-1,Rack-1,Bin-1,WMF3,true,KPB2000871
Pending,PR17756,KPB - Dishwash Bar & Detergent Bar (1011),1,5016,WMF3,WH35693,KPB-HOLDING,KPB-HOLDINGAR-WMF3-1,Rack-1,Bin-1,32356553,Normal,NormalAR-WMF3-1,Rack-1,Bin-1,WMF3,true,KPB2000872
Pending,PR17756,KPB - Dishwash Bar & Detergent Bar (1011),1,5016,WMF3,WH35694,KPB-HOLDING,KPB-HOLDINGAR-WMF3-1,Rack-1,Bin-1,32356553,Normal,NormalAR-WMF3-1,Rack-1,Bin-1,WMF3,true,KPB2000873
Pending,PR17756,KPB - Dishwash Bar & Detergent Bar (1011),1,5016,WMF3,WH35695,KPB-HOLDING,KPB-HOLDINGAR-WMF3-1,Rack-1,Bin-1,32356553,Normal,NormalAR-WMF3-1,Rack-1,Bin-1,WMF3,true,KPB2000874
Pending,PR17794,KPB - Dishwash Bar & Detergent Bar (1012),1,3912,WMF3,WH35632,KPB-HOLDING,KPB-HOLDINGAR-WMF3-1,Rack-1,Bin-1,23235789WQW,Normal,NormalAR-WMF3-1,Rack-1,Bin-1,WMF3,true,KPB2000906
Pending,PR17794,KPB - Dishwash Bar & Detergent Bar (1012),1,3912,WMF3,WH35633,KPB-HOLDING,KPB-HOLDINGAR-WMF3-1,Rack-1,Bin-1,23235789WQW,Normal,NormalAR-WMF3-1,Rack-1,Bin-1,WMF3,true,KPB2000907
Pending,PR17794,KPB - Dishwash Bar & Detergent Bar (1012),1,3912,WMF3,WH35634,KPB-HOLDING,KPB-HOLDINGAR-WMF3-1,Rack-1,Bin-1,23235789WQW,Normal,NormalAR-WMF3-1,Rack-1,Bin-1,WMF3,true,KPB2000908
Pending,PR17794,KPB - Dishwash Bar & Detergent Bar (1012),1,3912,WMF3,WH35635,KPB-HOLDING,KPB-HOLDINGAR-WMF3-1,Rack-1,Bin-1,23235789WQW,Normal,NormalAR-WMF3-1,Rack-1,Bin-1,WMF3,true,KPB2000909
Pending,PR17794,KPB - Dishwash Bar & Detergent Bar (1012),1,3912,WMF3,WH35636,KPB-HOLDING,KPB-HOLDINGAR-WMF3-1,Rack-1,Bin-1,23235789WQW,Normal,NormalAR-WMF3-1,Rack-1,Bin-1,WMF3,true,KPB2000910
Pending,PR17835,KPB - Fairness Cream (1006),1,4112,WMF3,WH35350,KPB-HOLDING,KPB-HOLDINGAR-WMF3-2,Rack-1,Bin-1,43385102D,Normal,NormalAR-WMF3-1,Rack-1,Bin-1,WMF3,true,KPB2000686
Pending,PR17835,KPB - Fairness Cream (1006),1,4112,WMF3,WH35351,KPB-HOLDING,KPB-HOLDINGAR-WMF3-2,Rack-1,Bin-1,43385102D,Normal,NormalAR-WMF3-1,Rack-1,Bin-1,WMF3,true,KPB2000687
Pending,PR17835,KPB - Fairness Cream (1006),1,4112,WMF3,WH35352,KPB-HOLDING,KPB-HOLDINGAR-WMF3-2,Rack-1,Bin-1,43385102D,Normal,NormalAR-WMF3-1,Rack-1,Bin-1,WMF3,true,KPB2000688
Pending,PR17835,KPB - Fairness Cream (1006),1,4112,WMF3,WH35353,KPB-HOLDING,KPB-HOLDINGAR-WMF3-2,Rack-1,Bin-1,43385102D,Normal,NormalAR-WMF3-1,Rack-1,Bin-1,WMF3,true,KPB2000689
Pending,PR17835,KPB - Fairness Cream (1006),1,4112,WMF3,WH35354,KPB-HOLDING,KPB-HOLDINGAR-WMF3-2,Rack-1,Bin-1,43385102D,Normal,NormalAR-WMF3-1,Rack-1,Bin-1,WMF3,true,KPB2000690
Pending,PR17835,KPB - Fairness Cream (1006),1,4112,WMF3,WH35355,KPB-HOLDING,KPB-HOLDINGAR-WMF3-2,Rack-1,Bin-1,43385102D,Normal,NormalAR-WMF3-1,Rack-1,Bin-1,WMF3,true,KPB2000691
Pending,PR17565,KPB - Fairness Cream (1009),1,3352,WMF3,WH35277,KPB-HOLDING,KPB-HOLDINGAR-WMF3-2,Rack-1,Bin-1,7.82181E+11,Normal,NormalAR-WMF3-1,Rack-1,Bin-1,WMF3,true,KPB2000732
Pending,PR17565,KPB - Fairness Cream (1009),1,3352,WMF3,WH35278,KPB-HOLDING,KPB-HOLDINGAR-WMF3-2,Rack-1,Bin-1,7.82181E+11,Normal,NormalAR-WMF3-1,Rack-1,Bin-1,WMF3,true,KPB2000733
Pending,PR17565,KPB - Fairness Cream (1009),1,3352,WMF3,WH35279,KPB-HOLDING,KPB-HOLDINGAR-WMF3-2,Rack-1,Bin-1,7.82181E+11,Normal,NormalAR-WMF3-1,Rack-1,Bin-1,WMF3,true,KPB2000734
Pending,PR17565,KPB - Fairness Cream (1009),1,3352,WMF3,WH35280,KPB-HOLDING,KPB-HOLDINGAR-WMF3-2,Rack-1,Bin-1,7.82181E+11,Normal,NormalAR-WMF3-1,Rack-1,Bin-1,WMF3,true,KPB2000735
Pending,PR17565,KPB - Fairness Cream (1009),1,3352,WMF3,WH35281,KPB-HOLDING,KPB-HOLDINGAR-WMF3-2,Rack-1,Bin-1,7.82181E+11,Normal,NormalAR-WMF3-1,Rack-1,Bin-1,WMF3,true,KPB2000736
Pending,PR17565,KPB - Fairness Cream (1009),1,3352,WMF3,WH35282,KPB-HOLDING,KPB-HOLDINGAR-WMF3-2,Rack-1,Bin-1,7.82181E+11,Normal,NormalAR-WMF3-1,Rack-1,Bin-1,WMF3,true,KPB2000737
Pending,PR17565,KPB - Fairness Cream (1009),1,3352,WMF3,WH35283,KPB-HOLDING,KPB-HOLDINGAR-WMF3-2,Rack-1,Bin-1,7.82181E+11,Normal,NormalAR-WMF3-1,Rack-1,Bin-1,WMF3,true,KPB2000738
Pending,PR17796,KPB - Fairness Cream (1012),1,2760,WMF3,WH35193,KPB-HOLDING,KPB-HOLDINGAR-WMF3-2,Rack-1,Bin-1,23238145WR,Normal,NormalAR-WMF3-1,Rack-1,Bin-1,WMF3,true,KPB2000784
Pending,PR17796,KPB - Fairness Cream (1012),1,2760,WMF3,WH35194,KPB-HOLDING,KPB-HOLDINGAR-WMF3-2,Rack-1,Bin-1,23238145WR,Normal,NormalAR-WMF3-1,Rack-1,Bin-1,WMF3,true,KPB2000785
Pending,PR17796,KPB - Fairness Cream (1012),1,2760,WMF3,WH35195,KPB-HOLDING,KPB-HOLDINGAR-WMF3-2,Rack-1,Bin-1,23238145WR,Normal,NormalAR-WMF3-1,Rack-1,Bin-1,WMF3,true,KPB2000786
Pending,PR17796,KPB - Fairness Cream (1012),1,2760,WMF3,WH35798,KPB-HOLDING,KPB-HOLDINGAR-WMF3-1,Rack-1,Bin-1,23238145WR,Normal,NormalAR-WMF3-1,Rack-1,Bin-1,WMF3,true,KPB2000864
Pending,PR17796,KPB - Fairness Cream (1012),1,2760,WMF3,WH35799,KPB-HOLDING,KPB-HOLDINGAR-WMF3-1,Rack-1,Bin-1,23238145WR,Normal,NormalAR-WMF3-1,Rack-1,Bin-1,WMF3,true,KPB2000865
Pending,PR17796,KPB - Fairness Cream (1012),1,2760,WMF3,WH35800,KPB-HOLDING,KPB-HOLDINGAR-WMF3-1,Rack-1,Bin-1,23238145WR,Normal,NormalAR-WMF3-1,Rack-1,Bin-1,WMF3,true,KPB2000866
Pending,PR17817,KPB - Fairness Cream & Face Wash (1002),1,3792,WMF3,WH35294,KPB-HOLDING,KPB-HOLDINGAR-WMF3-2,Rack-1,Bin-1,43369826B,Normal,NormalAR-WMF3-1,Rack-1,Bin-1,WMF3,true,KPB2000712
Pending,PR17817,KPB - Fairness Cream & Face Wash (1002),1,3792,WMF3,WH35295,KPB-HOLDING,KPB-HOLDINGAR-WMF3-2,Rack-1,Bin-1,43369826B,Normal,NormalAR-WMF3-1,Rack-1,Bin-1,WMF3,true,KPB2000713
Pending,PR17817,KPB - Fairness Cream & Face Wash (1002),1,3792,WMF3,WH35296,KPB-HOLDING,KPB-HOLDINGAR-WMF3-2,Rack-1,Bin-1,43369826B,Normal,NormalAR-WMF3-1,Rack-1,Bin-1,WMF3,true,KPB2000714
Pending,PR17817,KPB - Fairness Cream & Face Wash (1002),1,3792,WMF3,WH35297,KPB-HOLDING,KPB-HOLDINGAR-WMF3-2,Rack-1,Bin-1,43369826B,Normal,NormalAR-WMF3-1,Rack-1,Bin-1,WMF3,true,KPB2000715
Pending,PR17817,KPB - Fairness Cream & Face Wash (1002),1,3792,WMF3,WH35298,KPB-HOLDING,KPB-HOLDINGAR-WMF3-2,Rack-1,Bin-1,43369826B,Normal,NormalAR-WMF3-1,Rack-1,Bin-1,WMF3,true,KPB2000716
Pending,PR17817,KPB - Fairness Cream & Face Wash (1002),1,3792,WMF3,WH35299,KPB-HOLDING,KPB-HOLDINGAR-WMF3-2,Rack-1,Bin-1,43369826B,Normal,NormalAR-WMF3-1,Rack-1,Bin-1,WMF3,true,KPB2000717
Pending,PR17817,KPB - Fairness Cream & Face Wash (1002),1,3792,WMF3,WH35300,KPB-HOLDING,KPB-HOLDINGAR-WMF3-2,Rack-1,Bin-1,43369826B,Normal,NormalAR-WMF3-1,Rack-1,Bin-1,WMF3,true,KPB2000718
Pending,PR17817,KPB - Fairness Cream & Face Wash (1002),1,3792,WMF3,WH35301,KPB-HOLDING,KPB-HOLDINGAR-WMF3-2,Rack-1,Bin-1,43369826B,Normal,NormalAR-WMF3-1,Rack-1,Bin-1,WMF3,true,KPB2000719
Pending,PR17817,KPB - Fairness Cream & Face Wash (1002),1,3792,WMF3,WH35302,KPB-HOLDING,KPB-HOLDINGAR-WMF3-2,Rack-1,Bin-1,43369826B,Normal,NormalAR-WMF3-1,Rack-1,Bin-1,WMF3,true,KPB2000720
Pending,PR17817,KPB - Fairness Cream & Face Wash (1002),1,3792,WMF3,WH35303,KPB-HOLDING,KPB-HOLDINGAR-WMF3-2,Rack-1,Bin-1,43369826B,Normal,NormalAR-WMF3-1,Rack-1,Bin-1,WMF3,true,KPB2000721
Pending,PR17782,KPB - Hair Oil (1012),1,4758,WMF3,WH35788,KPB-HOLDING,KPB-HOLDINGAR-WMF3-1,Rack-1,Bin-1,923810842,Normal,NormalAR-WMF3-1,Rack-1,Bin-1,WMF3,true,KPB2000838
Pending,PR17782,KPB - Hair Oil (1012),1,4758,WMF3,WH35789,KPB-HOLDING,KPB-HOLDINGAR-WMF3-1,Rack-1,Bin-1,923810842,Normal,NormalAR-WMF3-1,Rack-1,Bin-1,WMF3,true,KPB2000839
Pending,PR17782,KPB - Hair Oil (1012),1,4758,WMF3,WH35790,KPB-HOLDING,KPB-HOLDINGAR-WMF3-1,Rack-1,Bin-1,923810842,Normal,NormalAR-WMF3-1,Rack-1,Bin-1,WMF3,true,KPB2000840
Pending,PR17782,KPB - Hair Oil (1012),1,4758,WMF3,WH35791,KPB-HOLDING,KPB-HOLDINGAR-WMF3-1,Rack-1,Bin-1,923810842,Normal,NormalAR-WMF3-1,Rack-1,Bin-1,WMF3,true,KPB2000841
Pending,PR17782,KPB - Hair Oil (1012),1,4758,WMF3,WH35792,KPB-HOLDING,KPB-HOLDINGAR-WMF3-1,Rack-1,Bin-1,923810842,Normal,NormalAR-WMF3-1,Rack-1,Bin-1,WMF3,true,KPB2000842
Pending,PR17792,KPB - Hair Oil & Fairness Cream (1014),1,5806,WMF3,WH35785,KPB-HOLDING,KPB-HOLDINGAR-WMF3-1,Rack-1,Bin-1,923810884,Normal,NormalAR-WMF3-1,Rack-1,Bin-1,WMF3,true,KPB2000835
Pending,PR17792,KPB - Hair Oil & Fairness Cream (1014),1,5806,WMF3,WH35786,KPB-HOLDING,KPB-HOLDINGAR-WMF3-1,Rack-1,Bin-1,923810884,Normal,NormalAR-WMF3-1,Rack-1,Bin-1,WMF3,true,KPB2000836
Pending,PR17792,KPB - Hair Oil & Fairness Cream (1014),1,5806,WMF3,WH35787,KPB-HOLDING,KPB-HOLDINGAR-WMF3-1,Rack-1,Bin-1,923810884,Normal,NormalAR-WMF3-1,Rack-1,Bin-1,WMF3,true,KPB2000837
Pending,PR17830,KPB - Hair Oil & Hair Color (1004),1,2146,WMF3,WH34310,KPB-HOLDING,KPB-HOLDINGAR-WMF3-2,Rack-1,Bin-1,43380814D,Normal,NormalAR-WMF3-1,Rack-1,Bin-1,WMF3,true,KPB2000532
Pending,PR17830,KPB - Hair Oil & Hair Color (1004),1,2146,WMF3,WH34311,KPB-HOLDING,KPB-HOLDINGAR-WMF3-2,Rack-1,Bin-1,43380814D,Normal,NormalAR-WMF3-1,Rack-1,Bin-1,WMF3,true,KPB2000533
Pending,PR17830,KPB - Hair Oil & Hair Color (1004),1,2146,WMF3,WH34312,KPB-HOLDING,KPB-HOLDINGAR-WMF3-2,Rack-1,Bin-1,43380814D,Normal,NormalAR-WMF3-1,Rack-1,Bin-1,WMF3,true,KPB2000534
Pending,PR17830,KPB - Hair Oil & Hair Color (1004),1,2146,WMF3,WH34313,KPB-HOLDING,KPB-HOLDINGAR-WMF3-2,Rack-1,Bin-1,43380814D,Normal,NormalAR-WMF3-1,Rack-1,Bin-1,WMF3,true,KPB2000535
Pending,PR17830,KPB - Hair Oil & Hair Color (1004),1,2146,WMF3,WH34314,KPB-HOLDING,KPB-HOLDINGAR-WMF3-2,Rack-1,Bin-1,43380814D,Normal,NormalAR-WMF3-1,Rack-1,Bin-1,WMF3,true,KPB2000536
Pending,PR17830,KPB - Hair Oil & Hair Color (1004),1,2146,WMF3,WH34315,KPB-HOLDING,KPB-HOLDINGAR-WMF3-2,Rack-1,Bin-1,43380814D,Normal,NormalAR-WMF3-1,Rack-1,Bin-1,WMF3,true,KPB2000537
Pending,PR17830,KPB - Hair Oil & Hair Color (1004),1,2146,WMF3,WH34316,KPB-HOLDING,KPB-HOLDINGAR-WMF3-2,Rack-1,Bin-1,43380814D,Normal,NormalAR-WMF3-1,Rack-1,Bin-1,WMF3,true,KPB2000538
Pending,PR17830,KPB - Hair Oil & Hair Color (1004),1,2146,WMF3,WH34317,KPB-HOLDING,KPB-HOLDINGAR-WMF3-2,Rack-1,Bin-1,43380814D,Normal,NormalAR-WMF3-1,Rack-1,Bin-1,WMF3,true,KPB2000539
Pending,PR17830,KPB - Hair Oil & Hair Color (1004),1,2146,WMF3,WH34318,KPB-HOLDING,KPB-HOLDINGAR-WMF3-2,Rack-1,Bin-1,43380814D,Normal,NormalAR-WMF3-1,Rack-1,Bin-1,WMF3,true,KPB2000540
Pending,PR17830,KPB - Hair Oil & Hair Color (1004),1,2146,WMF3,WH34319,KPB-HOLDING,KPB-HOLDINGAR-WMF3-2,Rack-1,Bin-1,43380814D,Normal,NormalAR-WMF3-1,Rack-1,Bin-1,WMF3,true,KPB2000541
Pending,PR17786,"KPB - Hair Oil, Hair Color & Fairness Cream (1013)",1,5200,WMF3,WH35316,KPB-HOLDING,KPB-HOLDINGAR-WMF3-2,Rack-1,Bin-1,923810856,Normal,NormalAR-WMF3-1,Rack-1,Bin-1,WMF3,true,KPB2000790
Pending,PR17786,"KPB - Hair Oil, Hair Color & Fairness Cream (1013)",1,5200,WMF3,WH35317,KPB-HOLDING,KPB-HOLDINGAR-WMF3-2,Rack-1,Bin-1,923810856,Normal,NormalAR-WMF3-1,Rack-1,Bin-1,WMF3,true,KPB2000791
Pending,PR17786,"KPB - Hair Oil, Hair Color & Fairness Cream (1013)",1,5200,WMF3,WH35318,KPB-HOLDING,KPB-HOLDINGAR-WMF3-2,Rack-1,Bin-1,923810856,Normal,NormalAR-WMF3-1,Rack-1,Bin-1,WMF3,true,KPB2000792
Pending,PR17786,"KPB - Hair Oil, Hair Color & Fairness Cream (1013)",1,5200,WMF3,WH35319,KPB-HOLDING,KPB-HOLDINGAR-WMF3-2,Rack-1,Bin-1,923810856,Normal,NormalAR-WMF3-1,Rack-1,Bin-1,WMF3,true,KPB2000793
Pending,PR17786,"KPB - Hair Oil, Hair Color & Fairness Cream (1013)",1,5200,WMF3,WH35320,KPB-HOLDING,KPB-HOLDINGAR-WMF3-2,Rack-1,Bin-1,923810856,Normal,NormalAR-WMF3-1,Rack-1,Bin-1,WMF3,true,KPB2000794
Pending,PR17786,"KPB - Hair Oil, Hair Color & Fairness Cream (1013)",1,5200,WMF3,WH35321,KPB-HOLDING,KPB-HOLDINGAR-WMF3-2,Rack-1,Bin-1,923810856,Normal,NormalAR-WMF3-1,Rack-1,Bin-1,WMF3,true,KPB2000795
Pending,PR17786,"KPB - Hair Oil, Hair Color & Fairness Cream (1013)",1,5200,WMF3,WH35322,KPB-HOLDING,KPB-HOLDINGAR-WMF3-2,Rack-1,Bin-1,923810856,Normal,NormalAR-WMF3-1,Rack-1,Bin-1,WMF3,true,KPB2000796
Pending,PR17786,"KPB - Hair Oil, Hair Color & Fairness Cream (1013)",1,5200,WMF3,WH35323,KPB-HOLDING,KPB-HOLDINGAR-WMF3-2,Rack-1,Bin-1,923810856,Normal,NormalAR-WMF3-1,Rack-1,Bin-1,WMF3,true,KPB2000797
Pending,PR17786,"KPB - Hair Oil, Hair Color & Fairness Cream (1013)",1,5200,WMF3,WH35324,KPB-HOLDING,KPB-HOLDINGAR-WMF3-2,Rack-1,Bin-1,923810856,Normal,NormalAR-WMF3-1,Rack-1,Bin-1,WMF3,true,KPB2000798
Pending,PR17786,"KPB - Hair Oil, Hair Color & Fairness Cream (1013)",1,5200,WMF3,WH35325,KPB-HOLDING,KPB-HOLDINGAR-WMF3-2,Rack-1,Bin-1,923810856,Normal,NormalAR-WMF3-1,Rack-1,Bin-1,WMF3,true,KPB2000799
Pending,PR17786,"KPB - Hair Oil, Hair Color & Fairness Cream (1013)",1,5200,WMF3,WH35755,KPB-HOLDING,KPB-HOLDINGAR-WMF3-1,Rack-1,Bin-1,923810856,Normal,NormalAR-WMF3-1,Rack-1,Bin-1,WMF3,true,KPB2000805
Pending,PR17786,"KPB - Hair Oil, Hair Color & Fairness Cream (1013)",1,5200,WMF3,WH35756,KPB-HOLDING,KPB-HOLDINGAR-WMF3-1,Rack-1,Bin-1,923810856,Normal,NormalAR-WMF3-1,Rack-1,Bin-1,WMF3,true,KPB2000806
Pending,PR17786,"KPB - Hair Oil, Hair Color & Fairness Cream (1013)",1,5200,WMF3,WH35757,KPB-HOLDING,KPB-HOLDINGAR-WMF3-1,Rack-1,Bin-1,923810856,Normal,NormalAR-WMF3-1,Rack-1,Bin-1,WMF3,true,KPB2000807
Pending,PR17786,"KPB - Hair Oil, Hair Color & Fairness Cream (1013)",1,5200,WMF3,WH35758,KPB-HOLDING,KPB-HOLDINGAR-WMF3-1,Rack-1,Bin-1,923810856,Normal,NormalAR-WMF3-1,Rack-1,Bin-1,WMF3,true,KPB2000808
Pending,PR17786,"KPB - Hair Oil, Hair Color & Fairness Cream (1013)",1,5200,WMF3,WH35759,KPB-HOLDING,KPB-HOLDINGAR-WMF3-1,Rack-1,Bin-1,923810856,Normal,NormalAR-WMF3-1,Rack-1,Bin-1,WMF3,true,KPB2000809
Pending,PR17786,"KPB - Hair Oil, Hair Color & Fairness Cream (1013)",1,5200,WMF3,WH35760,KPB-HOLDING,KPB-HOLDINGAR-WMF3-1,Rack-1,Bin-1,923810856,Normal,NormalAR-WMF3-1,Rack-1,Bin-1,WMF3,true,KPB2000810
Pending,PR17786,"KPB - Hair Oil, Hair Color & Fairness Cream (1013)",1,5200,WMF3,WH35761,KPB-HOLDING,KPB-HOLDINGAR-WMF3-1,Rack-1,Bin-1,923810856,Normal,NormalAR-WMF3-1,Rack-1,Bin-1,WMF3,true,KPB2000811
Pending,PR17786,"KPB - Hair Oil, Hair Color & Fairness Cream (1013)",1,5200,WMF3,WH35762,KPB-HOLDING,KPB-HOLDINGAR-WMF3-1,Rack-1,Bin-1,923810856,Normal,NormalAR-WMF3-1,Rack-1,Bin-1,WMF3,true,KPB2000812
Pending,PR17786,"KPB - Hair Oil, Hair Color & Fairness Cream (1013)",1,5200,WMF3,WH35763,KPB-HOLDING,KPB-HOLDINGAR-WMF3-1,Rack-1,Bin-1,923810856,Normal,NormalAR-WMF3-1,Rack-1,Bin-1,WMF3,true,KPB2000813
Pending,PR17786,"KPB - Hair Oil, Hair Color & Fairness Cream (1013)",1,5200,WMF3,WH35764,KPB-HOLDING,KPB-HOLDINGAR-WMF3-1,Rack-1,Bin-1,923810856,Normal,NormalAR-WMF3-1,Rack-1,Bin-1,WMF3,true,KPB2000814
Pending,PR17757,KPB - Maggi & Yippee Noodles (1011),1,1688,WMF3,WH35835,KPB-HOLDING,KPB-HOLDINGAR-WMF3-1,Rack-1,Bin-1,32367065,Normal,NormalAR-WMF3-1,Rack-1,Bin-1,WMF3,true,KPB2000911
Pending,PR17757,KPB - Maggi & Yippee Noodles (1011),1,1688,WMF3,WH35836,KPB-HOLDING,KPB-HOLDINGAR-WMF3-1,Rack-1,Bin-1,32367065,Normal,NormalAR-WMF3-1,Rack-1,Bin-1,WMF3,true,KPB2000912
Pending,PR17757,KPB - Maggi & Yippee Noodles (1011),1,1688,WMF3,WH35837,KPB-HOLDING,KPB-HOLDINGAR-WMF3-1,Rack-1,Bin-1,32367065,Normal,NormalAR-WMF3-1,Rack-1,Bin-1,WMF3,true,KPB2000913
Pending,PR17757,KPB - Maggi & Yippee Noodles (1011),1,1688,WMF3,WH35838,KPB-HOLDING,KPB-HOLDINGAR-WMF3-1,Rack-1,Bin-1,32367065,Normal,NormalAR-WMF3-1,Rack-1,Bin-1,WMF3,true,KPB2000914
Pending,PR17757,KPB - Maggi & Yippee Noodles (1011),1,1688,WMF3,WH35839,KPB-HOLDING,KPB-HOLDINGAR-WMF3-1,Rack-1,Bin-1,32367065,Normal,NormalAR-WMF3-1,Rack-1,Bin-1,WMF3,true,KPB2000915
Pending,PR17797,"KPB - Maggi Noodles & Boost, Horlicks Health Drinks (1013)",1,5653,WMF3,WH35765,KPB-HOLDING,KPB-HOLDINGAR-WMF3-1,Rack-1,Bin-1,23238393DF,Normal,NormalAR-WMF3-1,Rack-1,Bin-1,WMF3,true,KPB2000815
Pending,PR17797,"KPB - Maggi Noodles & Boost, Horlicks Health Drinks (1013)",1,5653,WMF3,WH35766,KPB-HOLDING,KPB-HOLDINGAR-WMF3-1,Rack-1,Bin-1,23238393DF,Normal,NormalAR-WMF3-1,Rack-1,Bin-1,WMF3,true,KPB2000816
Pending,PR17797,"KPB - Maggi Noodles & Boost, Horlicks Health Drinks (1013)",1,5653,WMF3,WH35767,KPB-HOLDING,KPB-HOLDINGAR-WMF3-1,Rack-1,Bin-1,23238393DF,Normal,NormalAR-WMF3-1,Rack-1,Bin-1,WMF3,true,KPB2000817
Pending,PR17797,"KPB - Maggi Noodles & Boost, Horlicks Health Drinks (1013)",1,5653,WMF3,WH35768,KPB-HOLDING,KPB-HOLDINGAR-WMF3-1,Rack-1,Bin-1,23238393DF,Normal,NormalAR-WMF3-1,Rack-1,Bin-1,WMF3,true,KPB2000818
Pending,PR17797,"KPB - Maggi Noodles & Boost, Horlicks Health Drinks (1013)",1,5653,WMF3,WH35769,KPB-HOLDING,KPB-HOLDINGAR-WMF3-1,Rack-1,Bin-1,23238393DF,Normal,NormalAR-WMF3-1,Rack-1,Bin-1,WMF3,true,KPB2000819
Pending,PR17797,"KPB - Maggi Noodles & Boost, Horlicks Health Drinks (1013)",1,5653,WMF3,WH35770,KPB-HOLDING,KPB-HOLDINGAR-WMF3-1,Rack-1,Bin-1,23238393DF,Normal,NormalAR-WMF3-1,Rack-1,Bin-1,WMF3,true,KPB2000820
Pending,PR17797,"KPB - Maggi Noodles & Boost, Horlicks Health Drinks (1013)",1,5653,WMF3,WH35771,KPB-HOLDING,KPB-HOLDINGAR-WMF3-1,Rack-1,Bin-1,23238393DF,Normal,NormalAR-WMF3-1,Rack-1,Bin-1,WMF3,true,KPB2000821
Pending,PR17824,KPB - Parachute & Vatika Hair Oil (1003),1,2010,WMF3,WH34290,KPB-HOLDING,KPB-HOLDINGAR-WMF3-2,Rack-1,Bin-1,43375722B,Normal,NormalAR-WMF3-1,Rack-1,Bin-1,WMF3,true,KPB2000552
Pending,PR17824,KPB - Parachute & Vatika Hair Oil (1003),1,2010,WMF3,WH34291,KPB-HOLDING,KPB-HOLDINGAR-WMF3-2,Rack-1,Bin-1,43375722B,Normal,NormalAR-WMF3-1,Rack-1,Bin-1,WMF3,true,KPB2000553
Pending,PR17824,KPB - Parachute & Vatika Hair Oil (1003),1,2010,WMF3,WH34292,KPB-HOLDING,KPB-HOLDINGAR-WMF3-2,Rack-1,Bin-1,43375722B,Normal,NormalAR-WMF3-1,Rack-1,Bin-1,WMF3,true,KPB2000554
Pending,PR17824,KPB - Parachute & Vatika Hair Oil (1003),1,2010,WMF3,WH34293,KPB-HOLDING,KPB-HOLDINGAR-WMF3-2,Rack-1,Bin-1,43375722B,Normal,NormalAR-WMF3-1,Rack-1,Bin-1,WMF3,true,KPB2000555
Pending,PR17824,KPB - Parachute & Vatika Hair Oil (1003),1,2010,WMF3,WH34294,KPB-HOLDING,KPB-HOLDINGAR-WMF3-2,Rack-1,Bin-1,43375722B,Normal,NormalAR-WMF3-1,Rack-1,Bin-1,WMF3,true,KPB2000556
Pending,PR17824,KPB - Parachute & Vatika Hair Oil (1003),1,2010,WMF3,WH34295,KPB-HOLDING,KPB-HOLDINGAR-WMF3-2,Rack-1,Bin-1,43375722B,Normal,NormalAR-WMF3-1,Rack-1,Bin-1,WMF3,true,KPB2000557
Pending,PR17824,KPB - Parachute & Vatika Hair Oil (1003),1,2010,WMF3,WH34296,KPB-HOLDING,KPB-HOLDINGAR-WMF3-2,Rack-1,Bin-1,43375722B,Normal,NormalAR-WMF3-1,Rack-1,Bin-1,WMF3,true,KPB2000558
Pending,PR17824,KPB - Parachute & Vatika Hair Oil (1003),1,2010,WMF3,WH34297,KPB-HOLDING,KPB-HOLDINGAR-WMF3-2,Rack-1,Bin-1,43375722B,Normal,NormalAR-WMF3-1,Rack-1,Bin-1,WMF3,true,KPB2000559
Pending,PR17824,KPB - Parachute & Vatika Hair Oil (1003),1,2010,WMF3,WH34298,KPB-HOLDING,KPB-HOLDINGAR-WMF3-2,Rack-1,Bin-1,43375722B,Normal,NormalAR-WMF3-1,Rack-1,Bin-1,WMF3,true,KPB2000560
Pending,PR17824,KPB - Parachute & Vatika Hair Oil (1003),1,2010,WMF3,WH34299,KPB-HOLDING,KPB-HOLDINGAR-WMF3-2,Rack-1,Bin-1,43375722B,Normal,NormalAR-WMF3-1,Rack-1,Bin-1,WMF3,true,KPB2000561
Pending,PR17812,KPB - Parachute Hair Oil (1001),1,1230,WMF3,WH34350,KPB-HOLDING,KPB-HOLDINGAR-WMF3-2,Rack-1,Bin-1,43365538B,Normal,NormalAR-WMF3-1,Rack-1,Bin-1,WMF3,true,KPB2000482
Pending,PR17812,KPB - Parachute Hair Oil (1001),1,1230,WMF3,WH34351,KPB-HOLDING,KPB-HOLDINGAR-WMF3-2,Rack-1,Bin-1,43365538B,Normal,NormalAR-WMF3-1,Rack-1,Bin-1,WMF3,true,KPB2000483
Pending,PR17812,KPB - Parachute Hair Oil (1001),1,1230,WMF3,WH34352,KPB-HOLDING,KPB-HOLDINGAR-WMF3-2,Rack-1,Bin-1,43365538B,Normal,NormalAR-WMF3-1,Rack-1,Bin-1,WMF3,true,KPB2000484
Pending,PR17812,KPB - Parachute Hair Oil (1001),1,1230,WMF3,WH34353,KPB-HOLDING,KPB-HOLDINGAR-WMF3-2,Rack-1,Bin-1,43365538B,Normal,NormalAR-WMF3-1,Rack-1,Bin-1,WMF3,true,KPB2000485
Pending,PR17812,KPB - Parachute Hair Oil (1001),1,1230,WMF3,WH34354,KPB-HOLDING,KPB-HOLDINGAR-WMF3-2,Rack-1,Bin-1,43365538B,Normal,NormalAR-WMF3-1,Rack-1,Bin-1,WMF3,true,KPB2000486
Pending,PR17812,KPB - Parachute Hair Oil (1001),1,1230,WMF3,WH34355,KPB-HOLDING,KPB-HOLDINGAR-WMF3-2,Rack-1,Bin-1,43365538B,Normal,NormalAR-WMF3-1,Rack-1,Bin-1,WMF3,true,KPB2000487
Pending,PR17812,KPB - Parachute Hair Oil (1001),1,1230,WMF3,WH34356,KPB-HOLDING,KPB-HOLDINGAR-WMF3-2,Rack-1,Bin-1,43365538B,Normal,NormalAR-WMF3-1,Rack-1,Bin-1,WMF3,true,KPB2000488
Pending,PR17812,KPB - Parachute Hair Oil (1001),1,1230,WMF3,WH34357,KPB-HOLDING,KPB-HOLDINGAR-WMF3-2,Rack-1,Bin-1,43365538B,Normal,NormalAR-WMF3-1,Rack-1,Bin-1,WMF3,true,KPB2000489
Pending,PR17812,KPB - Parachute Hair Oil (1001),1,1230,WMF3,WH34358,KPB-HOLDING,KPB-HOLDINGAR-WMF3-2,Rack-1,Bin-1,43365538B,Normal,NormalAR-WMF3-1,Rack-1,Bin-1,WMF3,true,KPB2000490
Pending,PR17812,KPB - Parachute Hair Oil (1001),1,1230,WMF3,WH34359,KPB-HOLDING,KPB-HOLDINGAR-WMF3-2,Rack-1,Bin-1,43365538B,Normal,NormalAR-WMF3-1,Rack-1,Bin-1,WMF3,true,KPB2000491
Pending,PR17818,KPB - Parachute Hair Oil (1002),1,2016,WMF3,WH34330,KPB-HOLDING,KPB-HOLDINGAR-WMF3-2,Rack-1,Bin-1,43370764A,Normal,NormalAR-WMF3-1,Rack-1,Bin-1,WMF3,true,KPB2000512
Pending,PR17818,KPB - Parachute Hair Oil (1002),1,2016,WMF3,WH34331,KPB-HOLDING,KPB-HOLDINGAR-WMF3-2,Rack-1,Bin-1,43370764A,Normal,NormalAR-WMF3-1,Rack-1,Bin-1,WMF3,true,KPB2000513
Pending,PR17818,KPB - Parachute Hair Oil (1002),1,2016,WMF3,WH34332,KPB-HOLDING,KPB-HOLDINGAR-WMF3-2,Rack-1,Bin-1,43370764A,Normal,NormalAR-WMF3-1,Rack-1,Bin-1,WMF3,true,KPB2000514
Pending,PR17818,KPB - Parachute Hair Oil (1002),1,2016,WMF3,WH34333,KPB-HOLDING,KPB-HOLDINGAR-WMF3-2,Rack-1,Bin-1,43370764A,Normal,NormalAR-WMF3-1,Rack-1,Bin-1,WMF3,true,KPB2000515
Pending,PR17818,KPB - Parachute Hair Oil (1002),1,2016,WMF3,WH34334,KPB-HOLDING,KPB-HOLDINGAR-WMF3-2,Rack-1,Bin-1,43370764A,Normal,NormalAR-WMF3-1,Rack-1,Bin-1,WMF3,true,KPB2000516
Pending,PR17818,KPB - Parachute Hair Oil (1002),1,2016,WMF3,WH34335,KPB-HOLDING,KPB-HOLDINGAR-WMF3-2,Rack-1,Bin-1,43370764A,Normal,NormalAR-WMF3-1,Rack-1,Bin-1,WMF3,true,KPB2000517
Pending,PR17818,KPB - Parachute Hair Oil (1002),1,2016,WMF3,WH34336,KPB-HOLDING,KPB-HOLDINGAR-WMF3-2,Rack-1,Bin-1,43370764A,Normal,NormalAR-WMF3-1,Rack-1,Bin-1,WMF3,true,KPB2000518
Pending,PR17818,KPB - Parachute Hair Oil (1002),1,2016,WMF3,WH34337,KPB-HOLDING,KPB-HOLDINGAR-WMF3-2,Rack-1,Bin-1,43370764A,Normal,NormalAR-WMF3-1,Rack-1,Bin-1,WMF3,true,KPB2000519
Pending,PR17818,KPB - Parachute Hair Oil (1002),1,2016,WMF3,WH34338,KPB-HOLDING,KPB-HOLDINGAR-WMF3-2,Rack-1,Bin-1,43370764A,Normal,NormalAR-WMF3-1,Rack-1,Bin-1,WMF3,true,KPB2000520
Pending,PR17818,KPB - Parachute Hair Oil (1002),1,2016,WMF3,WH34339,KPB-HOLDING,KPB-HOLDINGAR-WMF3-2,Rack-1,Bin-1,43370764A,Normal,NormalAR-WMF3-1,Rack-1,Bin-1,WMF3,true,KPB2000521
Pending,PR17810,KPB - Soap (1001),1,4504,WMF3,WH35261,KPB-HOLDING,KPB-HOLDINGAR-WMF3-2,Rack-1,Bin-1,43363394B,Normal,NormalAR-WMF3-1,Rack-1,Bin-1,WMF3,true,KPB2000739
Pending,PR17810,KPB - Soap (1001),1,4504,WMF3,WH35262,KPB-HOLDING,KPB-HOLDINGAR-WMF3-2,Rack-1,Bin-1,43363394B,Normal,NormalAR-WMF3-1,Rack-1,Bin-1,WMF3,true,KPB2000740
Pending,PR17810,KPB - Soap (1001),1,4504,WMF3,WH35263,KPB-HOLDING,KPB-HOLDINGAR-WMF3-2,Rack-1,Bin-1,43363394B,Normal,NormalAR-WMF3-1,Rack-1,Bin-1,WMF3,true,KPB2000741
Pending,PR17810,KPB - Soap (1001),1,4504,WMF3,WH35264,KPB-HOLDING,KPB-HOLDINGAR-WMF3-2,Rack-1,Bin-1,43363394B,Normal,NormalAR-WMF3-1,Rack-1,Bin-1,WMF3,true,KPB2000742
Pending,PR17810,KPB - Soap (1001),1,4504,WMF3,WH35265,KPB-HOLDING,KPB-HOLDINGAR-WMF3-2,Rack-1,Bin-1,43363394B,Normal,NormalAR-WMF3-1,Rack-1,Bin-1,WMF3,true,KPB2000743
Pending,PR17810,KPB - Soap (1001),1,4504,WMF3,WH35266,KPB-HOLDING,KPB-HOLDINGAR-WMF3-2,Rack-1,Bin-1,43363394B,Normal,NormalAR-WMF3-1,Rack-1,Bin-1,WMF3,true,KPB2000744
Pending,PR17810,KPB - Soap (1001),1,4504,WMF3,WH35267,KPB-HOLDING,KPB-HOLDINGAR-WMF3-2,Rack-1,Bin-1,43363394B,Normal,NormalAR-WMF3-1,Rack-1,Bin-1,WMF3,true,KPB2000745
Pending,PR17810,KPB - Soap (1001),1,4504,WMF3,WH35268,KPB-HOLDING,KPB-HOLDINGAR-WMF3-2,Rack-1,Bin-1,43363394B,Normal,NormalAR-WMF3-1,Rack-1,Bin-1,WMF3,true,KPB2000746
Pending,PR17810,KPB - Soap (1001),1,4504,WMF3,WH35269,KPB-HOLDING,KPB-HOLDINGAR-WMF3-2,Rack-1,Bin-1,43363394B,Normal,NormalAR-WMF3-1,Rack-1,Bin-1,WMF3,true,KPB2000747
Pending,PR17810,KPB - Soap (1001),1,4504,WMF3,WH35270,KPB-HOLDING,KPB-HOLDINGAR-WMF3-2,Rack-1,Bin-1,43363394B,Normal,NormalAR-WMF3-1,Rack-1,Bin-1,WMF3,true,KPB2000748
Pending,PR17289,KPB - Soap (1005),1,5504,WMF3,WH35130,KPB-HOLDING,KPB-HOLDINGAR-WMF3-2,Rack-1,Bin-1,5.04113E+11,Normal,NormalAR-WMF3-1,Rack-1,Bin-1,WMF3,true,KPB2000769
Pending,PR17289,KPB - Soap (1005),1,5504,WMF3,WH35131,KPB-HOLDING,KPB-HOLDINGAR-WMF3-2,Rack-1,Bin-1,5.04113E+11,Normal,NormalAR-WMF3-1,Rack-1,Bin-1,WMF3,true,KPB2000770
Pending,PR17289,KPB - Soap (1005),1,5504,WMF3,WH35132,KPB-HOLDING,KPB-HOLDINGAR-WMF3-2,Rack-1,Bin-1,5.04113E+11,Normal,NormalAR-WMF3-1,Rack-1,Bin-1,WMF3,true,KPB2000771
Pending,PR17289,KPB - Soap (1005),1,5504,WMF3,WH35133,KPB-HOLDING,KPB-HOLDINGAR-WMF3-2,Rack-1,Bin-1,5.04113E+11,Normal,NormalAR-WMF3-1,Rack-1,Bin-1,WMF3,true,KPB2000772
Pending,PR17289,KPB - Soap (1005),1,5504,WMF3,WH35134,KPB-HOLDING,KPB-HOLDINGAR-WMF3-2,Rack-1,Bin-1,5.04113E+11,Normal,NormalAR-WMF3-1,Rack-1,Bin-1,WMF3,true,KPB2000773
Pending,PR17289,KPB - Soap (1005),1,5504,WMF3,WH35135,KPB-HOLDING,KPB-HOLDINGAR-WMF3-2,Rack-1,Bin-1,5.04113E+11,Normal,NormalAR-WMF3-1,Rack-1,Bin-1,WMF3,true,KPB2000774
Pending,PR17289,KPB - Soap (1005),1,5504,WMF3,WH35136,KPB-HOLDING,KPB-HOLDINGAR-WMF3-2,Rack-1,Bin-1,5.04113E+11,Normal,NormalAR-WMF3-1,Rack-1,Bin-1,WMF3,true,KPB2000775
Pending,PR17289,KPB - Soap (1005),1,5504,WMF3,WH35137,KPB-HOLDING,KPB-HOLDINGAR-WMF3-2,Rack-1,Bin-1,5.04113E+11,Normal,NormalAR-WMF3-1,Rack-1,Bin-1,WMF3,true,KPB2000776
Pending,PR17289,KPB - Soap (1005),1,5504,WMF3,WH35138,KPB-HOLDING,KPB-HOLDINGAR-WMF3-2,Rack-1,Bin-1,5.04113E+11,Normal,NormalAR-WMF3-1,Rack-1,Bin-1,WMF3,true,KPB2000777
Pending,PR17289,KPB - Soap (1005),1,5504,WMF3,WH35139,KPB-HOLDING,KPB-HOLDINGAR-WMF3-2,Rack-1,Bin-1,5.04113E+11,Normal,NormalAR-WMF3-1,Rack-1,Bin-1,WMF3,true,KPB2000778
Pending,PR17834,KPB - Soap (1006),1,6720,WMF3,WH35245,KPB-HOLDING,KPB-HOLDINGAR-WMF3-2,Rack-1,Bin-1,43383762B,Normal,NormalAR-WMF3-1,Rack-1,Bin-1,WMF3,true,KPB2000749
Pending,PR17834,KPB - Soap (1006),1,6720,WMF3,WH35246,KPB-HOLDING,KPB-HOLDINGAR-WMF3-2,Rack-1,Bin-1,43383762B,Normal,NormalAR-WMF3-1,Rack-1,Bin-1,WMF3,true,KPB2000750
Pending,PR17834,KPB - Soap (1006),1,6720,WMF3,WH35247,KPB-HOLDING,KPB-HOLDINGAR-WMF3-2,Rack-1,Bin-1,43383762B,Normal,NormalAR-WMF3-1,Rack-1,Bin-1,WMF3,true,KPB2000751
Pending,PR17834,KPB - Soap (1006),1,6720,WMF3,WH35248,KPB-HOLDING,KPB-HOLDINGAR-WMF3-2,Rack-1,Bin-1,43383762B,Normal,NormalAR-WMF3-1,Rack-1,Bin-1,WMF3,true,KPB2000752
Pending,PR17834,KPB - Soap (1006),1,6720,WMF3,WH35249,KPB-HOLDING,KPB-HOLDINGAR-WMF3-2,Rack-1,Bin-1,43383762B,Normal,NormalAR-WMF3-1,Rack-1,Bin-1,WMF3,true,KPB2000753
Pending,PR17834,KPB - Soap (1006),1,6720,WMF3,WH35250,KPB-HOLDING,KPB-HOLDINGAR-WMF3-2,Rack-1,Bin-1,43383762B,Normal,NormalAR-WMF3-1,Rack-1,Bin-1,WMF3,true,KPB2000754
Pending,PR17834,KPB - Soap (1006),1,6720,WMF3,WH35251,KPB-HOLDING,KPB-HOLDINGAR-WMF3-2,Rack-1,Bin-1,43383762B,Normal,NormalAR-WMF3-1,Rack-1,Bin-1,WMF3,true,KPB2000755
Pending,PR17834,KPB - Soap (1006),1,6720,WMF3,WH35255,KPB-HOLDING,KPB-HOLDINGAR-WMF3-2,Rack-1,Bin-1,43383762B,Normal,NormalAR-WMF3-1,Rack-1,Bin-1,WMF3,true,
Pending,PR17834,KPB - Soap (1006),1,6720,WMF3,WH35256,KPB-HOLDING,KPB-HOLDINGAR-WMF3-2,Rack-1,Bin-1,43383762B,Normal,NormalAR-WMF3-1,Rack-1,Bin-1,WMF3,true,KPB2000757
Pending,PR17834,KPB - Soap (1006),1,6720,WMF3,WH35257,KPB-HOLDING,KPB-HOLDINGAR-WMF3-2,Rack-1,Bin-1,43383762B,Normal,NormalAR-WMF3-1,Rack-1,Bin-1,WMF3,true,KPB2000758
Pending,PR17753,KPB - Soap (1011),1,5332,WMF3,WH35807,KPB-HOLDING,KPB-HOLDINGAR-WMF3-1,Rack-1,Bin-1,32336405,Normal,NormalAR-WMF3-1,Rack-1,Bin-1,WMF3,true,KPB2000878
Pending,PR17753,KPB - Soap (1011),1,5332,WMF3,WH35808,KPB-HOLDING,KPB-HOLDINGAR-WMF3-1,Rack-1,Bin-1,32336405,Normal,NormalAR-WMF3-1,Rack-1,Bin-1,WMF3,true,KPB2000879
Pending,PR17753,KPB - Soap (1011),1,5332,WMF3,WH35809,KPB-HOLDING,KPB-HOLDINGAR-WMF3-1,Rack-1,Bin-1,32336405,Normal,NormalAR-WMF3-1,Rack-1,Bin-1,WMF3,true,KPB2000880
Pending,PR17753,KPB - Soap (1011),1,5332,WMF3,WH35810,KPB-HOLDING,KPB-HOLDINGAR-WMF3-1,Rack-1,Bin-1,32336405,Normal,NormalAR-WMF3-1,Rack-1,Bin-1,WMF3,true,KPB2000881
Pending,PR17753,KPB - Soap (1011),1,5332,WMF3,WH35811,KPB-HOLDING,KPB-HOLDINGAR-WMF3-1,Rack-1,Bin-1,32336405,Normal,NormalAR-WMF3-1,Rack-1,Bin-1,WMF3,true,KPB2000882
Pending,PR17778,KPB - Soap (1012),1,4512,WMF3,WH35793,KPB-HOLDING,KPB-HOLDINGAR-WMF3-1,Rack-1,Bin-1,923810824,Normal,NormalAR-WMF3-1,Rack-1,Bin-1,WMF3,true,KPB2000843
Pending,PR17778,KPB - Soap (1012),1,4512,WMF3,WH35794,KPB-HOLDING,KPB-HOLDINGAR-WMF3-1,Rack-1,Bin-1,923810824,Normal,NormalAR-WMF3-1,Rack-1,Bin-1,WMF3,true,KPB2000844
Pending,PR17778,KPB - Soap (1012),1,4512,WMF3,WH35795,KPB-HOLDING,KPB-HOLDINGAR-WMF3-1,Rack-1,Bin-1,923810824,Normal,NormalAR-WMF3-1,Rack-1,Bin-1,WMF3,true,KPB2000845
Pending,PR17778,KPB - Soap (1012),1,4512,WMF3,WH35796,KPB-HOLDING,KPB-HOLDINGAR-WMF3-1,Rack-1,Bin-1,923810824,Normal,NormalAR-WMF3-1,Rack-1,Bin-1,WMF3,true,KPB2000846
Pending,PR17778,KPB - Soap (1012),1,4512,WMF3,WH35797,KPB-HOLDING,KPB-HOLDINGAR-WMF3-1,Rack-1,Bin-1,923810824,Normal,NormalAR-WMF3-1,Rack-1,Bin-1,WMF3,true,KPB2000847
Pending,PR17798,KPB - Soap (1013),1,4382,WMF3,WH35750,KPB-HOLDING,KPB-HOLDINGAR-WMF3-1,Rack-1,Bin-1,23239633DF,Normal,NormalAR-WMF3-1,Rack-1,Bin-1,WMF3,true,KPB2000800
Pending,PR17798,KPB - Soap (1013),1,4382,WMF3,WH35751,KPB-HOLDING,KPB-HOLDINGAR-WMF3-1,Rack-1,Bin-1,23239633DF,Normal,NormalAR-WMF3-1,Rack-1,Bin-1,WMF3,true,KPB2000801
Pending,PR17798,KPB - Soap (1013),1,4382,WMF3,WH35752,KPB-HOLDING,KPB-HOLDINGAR-WMF3-1,Rack-1,Bin-1,23239633DF,Normal,NormalAR-WMF3-1,Rack-1,Bin-1,WMF3,true,KPB2000802
Pending,PR17798,KPB - Soap (1013),1,4382,WMF3,WH35753,KPB-HOLDING,KPB-HOLDINGAR-WMF3-1,Rack-1,Bin-1,23239633DF,Normal,NormalAR-WMF3-1,Rack-1,Bin-1,WMF3,true,KPB2000803
Pending,PR17798,KPB - Soap (1013),1,4382,WMF3,WH35754,KPB-HOLDING,KPB-HOLDINGAR-WMF3-1,Rack-1,Bin-1,23239633DF,Normal,NormalAR-WMF3-1,Rack-1,Bin-1,WMF3,true,KPB2000804
Pending,PR17800,KPB - Soap (1014),1,4587,WMF3,WH35772,KPB-HOLDING,KPB-HOLDINGAR-WMF3-1,Rack-1,Bin-1,23241245DF,Normal,NormalAR-WMF3-1,Rack-1,Bin-1,WMF3,true,KPB2000822
Pending,PR17800,KPB - Soap (1014),1,4587,WMF3,WH35773,KPB-HOLDING,KPB-HOLDINGAR-WMF3-1,Rack-1,Bin-1,23241245DF,Normal,NormalAR-WMF3-1,Rack-1,Bin-1,WMF3,true,KPB2000823
Pending,PR17800,KPB - Soap (1014),1,4587,WMF3,WH35774,KPB-HOLDING,KPB-HOLDINGAR-WMF3-1,Rack-1,Bin-1,23241245DF,Normal,NormalAR-WMF3-1,Rack-1,Bin-1,WMF3,true,KPB2000824
Pending,PR17800,KPB - Soap (1014),1,4587,WMF3,WH35775,KPB-HOLDING,KPB-HOLDINGAR-WMF3-1,Rack-1,Bin-1,23241245DF,Normal,NormalAR-WMF3-1,Rack-1,Bin-1,WMF3,true,KPB2000825
Pending,PR17800,KPB - Soap (1014),1,4587,WMF3,WH35776,KPB-HOLDING,KPB-HOLDINGAR-WMF3-1,Rack-1,Bin-1,23241245DF,Normal,NormalAR-WMF3-1,Rack-1,Bin-1,WMF3,true,KPB2000826
Pending,PR17754,KPB - Toothpaste (1011),1,5904,WMF3,WH35804,KPB-HOLDING,KPB-HOLDINGAR-WMF3-1,Rack-1,Bin-1,32342537,Normal,NormalAR-WMF3-1,Rack-1,Bin-1,WMF3,true,KPB2000875
Pending,PR17754,KPB - Toothpaste (1011),1,5904,WMF3,WH35805,KPB-HOLDING,KPB-HOLDINGAR-WMF3-1,Rack-1,Bin-1,32342537,Normal,NormalAR-WMF3-1,Rack-1,Bin-1,WMF3,true,KPB2000876
Pending,PR17754,KPB - Toothpaste (1011),1,5904,WMF3,WH35806,KPB-HOLDING,KPB-HOLDINGAR-WMF3-1,Rack-1,Bin-1,32342537,Normal,NormalAR-WMF3-1,Rack-1,Bin-1,WMF3,true,KPB2000877
Pending,PR17793,KPB - Toothpaste (1012),1,6140,WMF3,WH35190,KPB-HOLDING,KPB-HOLDINGAR-WMF3-2,Rack-1,Bin-1,23234549FEFEF,Normal,NormalAR-WMF3-1,Rack-1,Bin-1,WMF3,true,KPB2000787
Pending,PR17793,KPB - Toothpaste (1012),1,6140,WMF3,WH35191,KPB-HOLDING,KPB-HOLDINGAR-WMF3-2,Rack-1,Bin-1,23234549FEFEF,Normal,NormalAR-WMF3-1,Rack-1,Bin-1,WMF3,true,KPB2000788
Pending,PR17793,KPB - Toothpaste (1012),1,6140,WMF3,WH35192,KPB-HOLDING,KPB-HOLDINGAR-WMF3-2,Rack-1,Bin-1,23234549FEFEF,Normal,NormalAR-WMF3-1,Rack-1,Bin-1,WMF3,true,KPB2000789
Pending,PR17793,KPB - Toothpaste (1012),1,5552,WMF3,WH35801,KPB-HOLDING,KPB-HOLDINGAR-WMF3-1,Rack-1,Bin-1,23234549FEFEF,Normal,NormalAR-WMF3-1,Rack-1,Bin-1,WMF3,true,KPB2000867
Pending,PR17793,KPB - Toothpaste (1012),1,5552,WMF3,WH35802,KPB-HOLDING,KPB-HOLDINGAR-WMF3-1,Rack-1,Bin-1,23234549FEFEF,Normal,NormalAR-WMF3-1,Rack-1,Bin-1,WMF3,true,KPB2000868
Pending,PR17793,KPB - Toothpaste (1012),1,5552,WMF3,WH35803,KPB-HOLDING,KPB-HOLDINGAR-WMF3-1,Rack-1,Bin-1,23234549FEFEF,Normal,NormalAR-WMF3-1,Rack-1,Bin-1,WMF3,true,KPB2000869
Pending,PR17801,KPB - Toothpaste (1014),1,4859,WMF3,WH35782,KPB-HOLDING,KPB-HOLDINGAR-WMF3-1,Rack-1,Bin-1,23242237AD,Normal,NormalAR-WMF3-1,Rack-1,Bin-1,WMF3,true,KPB2000832
Pending,PR17801,KPB - Toothpaste (1014),1,4859,WMF3,WH35783,KPB-HOLDING,KPB-HOLDINGAR-WMF3-1,Rack-1,Bin-1,23242237AD,Normal,NormalAR-WMF3-1,Rack-1,Bin-1,WMF3,true,KPB2000833
Pending,PR17801,KPB - Toothpaste (1014),1,4859,WMF3,WH35784,KPB-HOLDING,KPB-HOLDINGAR-WMF3-1,Rack-1,Bin-1,23242237AD,Normal,NormalAR-WMF3-1,Rack-1,Bin-1,WMF3,true,KPB2000834
Pending,PR17842,Testing KPB Product,9,600,WMF3,WH33701,Normal,NormalAR-WMF3-1,Rack-1,Bin-1,87463587345,Normal,NormalAR-WMF3-1,Rack-1,Bin-1,WMF3,true,