_status,_productId,_name,_quantity,_mrp,_whId,_snapshot,_location,_area,_rackId,_binId,_barcode,_newLocation,_newArea,_newRack,_newBin,_towhId,serialNo
Pending,PR17752,KPB - Biscuit (1011),1,8020,WMF3,WH35812,KPB-HOLDING,KPB-HOLDINGAR-WMF3-1,Rack-1,Bin-1,32323265,Normal,Beauty,Rack-1,Bin-1,WMF3,
Pending,PR17752,KPB - Biscuit (1011),1,8020,WMF3,WH35813,KPB-HOLDING,KPB-HOLDINGAR-WMF3-1,Rack-1,Bin-1,32323265,Normal,Beauty,Rack-1,Bin-1,WMF3,
Pending,PR17752,KPB - Biscuit (1011),1,8020,WMF3,WH35814,KPB-HOLDING,KPB-HOLDINGAR-WMF3-1,Rack-1,Bin-1,32323265,Normal,Beauty,Rack-1,Bin-1,WMF3,
Pending,PR17752,KPB - Biscuit (1011),1,8020,WMF3,WH35815,KPB-HOLDING,KPB-HOLDINGAR-WMF3-1,Rack-1,Bin-1,32323265,Normal,Beauty,Rack-1,Bin-1,WMF3,
Pending,PR17752,KPB - Biscuit (1011),1,8020,WMF3,WH35816,KPB-HOLDING,KPB-HOLDINGAR-WMF3-1,Rack-1,Bin-1,32323265,Normal,Beauty,Rack-1,Bin-1,WMF3,
Pending,PR17776,KPB - Biscuit (1012),1,4700,WMF3,WH35825,KPB-HOLDING,KPB-HOLDINGAR-WMF3-1,Rack-1,Bin-1,923810815,Normal,Beauty,Rack-1,Bin-1,WMF3,
Pending,PR17776,KPB - Biscuit (1012),1,4700,WMF3,WH35826,KPB-HOLDING,KPB-HOLDINGAR-WMF3-1,Rack-1,Bin-1,923810815,Normal,Beauty,Rack-1,Bin-1,WMF3,
Pending,PR17776,KPB - Biscuit (1012),1,4700,WMF3,WH35827,KPB-HOLDING,KPB-HOLDINGAR-WMF3-1,Rack-1,Bin-1,923810815,Normal,Beauty,Rack-1,Bin-1,WMF3,
Pending,PR17776,KPB - Biscuit (1012),1,4700,WMF3,WH35828,KPB-HOLDING,KPB-HOLDINGAR-WMF3-1,Rack-1,Bin-1,923810815,Normal,Beauty,Rack-1,Bin-1,WMF3,
Pending,PR17776,KPB - Biscuit (1012),1,4700,WMF3,WH35829,KPB-HOLDING,KPB-HOLDINGAR-WMF3-1,Rack-1,Bin-1,923810815,Normal,Beauty,Rack-1,Bin-1,WMF3,
Pending,PR17787,KPB - Biscuit (1014),1,3880,WMF3,WH35817,KPB-HOLDING,KPB-HOLDINGAR-WMF3-1,Rack-1,Bin-1,923810859,Normal,Beauty,Rack-1,Bin-1,WMF3,
Pending,PR17787,KPB - Biscuit (1014),1,3880,WMF3,WH35818,KPB-HOLDING,KPB-HOLDINGAR-WMF3-1,Rack-1,Bin-1,923810859,Normal,Beauty,Rack-1,Bin-1,WMF3,
Pending,PR17787,KPB - Biscuit (1014),1,3880,WMF3,WH35819,KPB-HOLDING,KPB-HOLDINGAR-WMF3-1,Rack-1,Bin-1,923810859,Normal,Beauty,Rack-1,Bin-1,WMF3,
Pending,PR17787,KPB - Biscuit (1014),1,3880,WMF3,WH35820,KPB-HOLDING,KPB-HOLDINGAR-WMF3-1,Rack-1,Bin-1,923810859,Normal,Beauty,Rack-1,Bin-1,WMF3,
Pending,PR17787,KPB - Biscuit (1014),1,3880,WMF3,WH35821,KPB-HOLDING,KPB-HOLDINGAR-WMF3-1,Rack-1,Bin-1,923810859,Normal,Beauty,Rack-1,Bin-1,WMF3,
Pending,PR17299,"KPB - Boost, Bournvita & Horlicks Health Drinks (10007)",1,4110,WMF3,WH34289,KPB-HOLDING,KPB-HOLDINGAR-WMF3-2,Rack-1,Bin-1,35509931490,Normal,Beauty,Rack-1,Bin-1,WMF3,
Pending,PR17813,"KPB - Boost, Horlicks & MTR Health Drinks (1002)",1,3738,WMF3,WH34340,KPB-HOLDING,KPB-HOLDINGAR-WMF3-2,Rack-1,Bin-1,43365940A,Normal,Beauty,Rack-1,Bin-1,WMF3,
Pending,PR17813,"KPB - Boost, Horlicks & MTR Health Drinks (1002)",1,3738,WMF3,WH34341,KPB-HOLDING,KPB-HOLDINGAR-WMF3-2,Rack-1,Bin-1,43365940A,Normal,Beauty,Rack-1,Bin-1,WMF3,
Pending,PR17813,"KPB - Boost, Horlicks & MTR Health Drinks (1002)",1,3738,WMF3,WH34342,KPB-HOLDING,KPB-HOLDINGAR-WMF3-2,Rack-1,Bin-1,43365940A,Normal,Beauty,Rack-1,Bin-1,WMF3,
Pending,PR17813,"KPB - Boost, Horlicks & MTR Health Drinks (1002)",1,3738,WMF3,WH34343,KPB-HOLDING,KPB-HOLDINGAR-WMF3-2,Rack-1,Bin-1,43365940A,Normal,Beauty,Rack-1,Bin-1,WMF3,
Pending,PR17813,"KPB - Boost, Horlicks & MTR Health Drinks (1002)",1,3738,WMF3,WH34344,KPB-HOLDING,KPB-HOLDINGAR-WMF3-2,Rack-1,Bin-1,43365940A,Normal,Beauty,Rack-1,Bin-1,WMF3,
Pending,PR17813,"KPB - Boost, Horlicks & MTR Health Drinks (1002)",1,3738,WMF3,WH34345,KPB-HOLDING,KPB-HOLDINGAR-WMF3-2,Rack-1,Bin-1,43365940A,Normal,Beauty,Rack-1,Bin-1,WMF3,
Pending,PR17813,"KPB - Boost, Horlicks & MTR Health Drinks (1002)",1,3738,WMF3,WH34346,KPB-HOLDING,KPB-HOLDINGAR-WMF3-2,Rack-1,Bin-1,43365940A,Normal,Beauty,Rack-1,Bin-1,WMF3,
Pending,PR17813,"KPB - Boost, Horlicks & MTR Health Drinks (1002)",1,3738,WMF3,WH34347,KPB-HOLDING,KPB-HOLDINGAR-WMF3-2,Rack-1,Bin-1,43365940A,Normal,Beauty,Rack-1,Bin-1,WMF3,
Pending,PR17813,"KPB - Boost, Horlicks & MTR Health Drinks (1002)",1,3738,WMF3,WH34348,KPB-HOLDING,KPB-HOLDINGAR-WMF3-2,Rack-1,Bin-1,43365940A,Normal,Beauty,Rack-1,Bin-1,WMF3,
Pending,PR17813,"KPB - Boost, Horlicks & MTR Health Drinks (1002)",1,3738,WMF3,WH34349,KPB-HOLDING,KPB-HOLDINGAR-WMF3-2,Rack-1,Bin-1,43365940A,Normal,Beauty,Rack-1,Bin-1,WMF3,
Pending,PR17813,"KPB - Boost, Horlicks & MTR Health Drinks (1002)",1,3738,WMF3,WH35304,KPB-HOLDING,KPB-HOLDINGAR-WMF3-2,Rack-1,Bin-1,43365940A,Normal,Beauty,Rack-1,Bin-1,WMF3,
Pending,PR17813,"KPB - Boost, Horlicks & MTR Health Drinks (1002)",1,3738,WMF3,WH35305,KPB-HOLDING,KPB-HOLDINGAR-WMF3-2,Rack-1,Bin-1,43365940A,Normal,Beauty,Rack-1,Bin-1,WMF3,
Pending,PR17813,"KPB - Boost, Horlicks & MTR Health Drinks (1002)",1,3738,WMF3,WH35306,KPB-HOLDING,KPB-HOLDINGAR-WMF3-2,Rack-1,Bin-1,43365940A,Normal,Beauty,Rack-1,Bin-1,WMF3,
Pending,PR17813,"KPB - Boost, Horlicks & MTR Health Drinks (1002)",1,3738,WMF3,WH35307,KPB-HOLDING,KPB-HOLDINGAR-WMF3-2,Rack-1,Bin-1,43365940A,Normal,Beauty,Rack-1,Bin-1,WMF3,
Pending,PR17813,"KPB - Boost, Horlicks & MTR Health Drinks (1002)",1,3738,WMF3,WH35308,KPB-HOLDING,KPB-HOLDINGAR-WMF3-2,Rack-1,Bin-1,43365940A,Normal,Beauty,Rack-1,Bin-1,WMF3,
Pending,PR17813,"KPB - Boost, Horlicks & MTR Health Drinks (1002)",1,3738,WMF3,WH35309,KPB-HOLDING,KPB-HOLDINGAR-WMF3-2,Rack-1,Bin-1,43365940A,Normal,Beauty,Rack-1,Bin-1,WMF3,
Pending,PR17813,"KPB - Boost, Horlicks & MTR Health Drinks (1002)",1,3738,WMF3,WH35310,KPB-HOLDING,KPB-HOLDINGAR-WMF3-2,Rack-1,Bin-1,43365940A,Normal,Beauty,Rack-1,Bin-1,WMF3,
Pending,PR17813,"KPB - Boost, Horlicks & MTR Health Drinks (1002)",1,3738,WMF3,WH35311,KPB-HOLDING,KPB-HOLDINGAR-WMF3-2,Rack-1,Bin-1,43365940A,Normal,Beauty,Rack-1,Bin-1,WMF3,
Pending,PR17813,"KPB - Boost, Horlicks & MTR Health Drinks (1002)",1,3738,WMF3,WH35312,KPB-HOLDING,KPB-HOLDINGAR-WMF3-2,Rack-1,Bin-1,43365940A,Normal,Beauty,Rack-1,Bin-1,WMF3,
Pending,PR17813,"KPB - Boost, Horlicks & MTR Health Drinks (1002)",1,3738,WMF3,WH35313,KPB-HOLDING,KPB-HOLDINGAR-WMF3-2,Rack-1,Bin-1,43365940A,Normal,Beauty,Rack-1,Bin-1,WMF3,
Pending,PR17819,"KPB - Boost, Horlicks & MTR Health Drinks (1003)",1,3288,WMF3,WH34300,KPB-HOLDING,KPB-HOLDINGAR-WMF3-2,Rack-1,Bin-1,43371166D,Normal,Beauty,Rack-1,Bin-1,WMF3,
Pending,PR17819,"KPB - Boost, Horlicks & MTR Health Drinks (1003)",1,3288,WMF3,WH34301,KPB-HOLDING,KPB-HOLDINGAR-WMF3-2,Rack-1,Bin-1,43371166D,Normal,Beauty,Rack-1,Bin-1,WMF3,
Pending,PR17819,"KPB - Boost, Horlicks & MTR Health Drinks (1003)",1,3288,WMF3,WH34302,KPB-HOLDING,KPB-HOLDINGAR-WMF3-2,Rack-1,Bin-1,43371166D,Normal,Beauty,Rack-1,Bin-1,WMF3,
Pending,PR17819,"KPB - Boost, Horlicks & MTR Health Drinks (1003)",1,3288,WMF3,WH34303,KPB-HOLDING,KPB-HOLDINGAR-WMF3-2,Rack-1,Bin-1,43371166D,Normal,Beauty,Rack-1,Bin-1,WMF3,
Pending,PR17819,"KPB - Boost, Horlicks & MTR Health Drinks (1003)",1,3288,WMF3,WH34304,KPB-HOLDING,KPB-HOLDINGAR-WMF3-2,Rack-1,Bin-1,43371166D,Normal,Beauty,Rack-1,Bin-1,WMF3,
Pending,PR17819,"KPB - Boost, Horlicks & MTR Health Drinks (1003)",1,3288,WMF3,WH34305,KPB-HOLDING,KPB-HOLDINGAR-WMF3-2,Rack-1,Bin-1,43371166D,Normal,Beauty,Rack-1,Bin-1,WMF3,
Pending,PR17819,"KPB - Boost, Horlicks & MTR Health Drinks (1003)",1,3288,WMF3,WH34306,KPB-HOLDING,KPB-HOLDINGAR-WMF3-2,Rack-1,Bin-1,43371166D,Normal,Beauty,Rack-1,Bin-1,WMF3,
Pending,PR17819,"KPB - Boost, Horlicks & MTR Health Drinks (1003)",1,3288,WMF3,WH34307,KPB-HOLDING,KPB-HOLDINGAR-WMF3-2,Rack-1,Bin-1,43371166D,Normal,Beauty,Rack-1,Bin-1,WMF3,
Pending,PR17819,"KPB - Boost, Horlicks & MTR Health Drinks (1003)",1,3288,WMF3,WH34308,KPB-HOLDING,KPB-HOLDINGAR-WMF3-2,Rack-1,Bin-1,43371166D,Normal,Beauty,Rack-1,Bin-1,WMF3,
Pending,PR17819,"KPB - Boost, Horlicks & MTR Health Drinks (1003)",1,3288,WMF3,WH34309,KPB-HOLDING,KPB-HOLDINGAR-WMF3-2,Rack-1,Bin-1,43371166D,Normal,Beauty,Rack-1,Bin-1,WMF3,
Pending,PR17819,"KPB - Boost, Horlicks & MTR Health Drinks (1003)",1,3288,WMF3,WH34320,KPB-HOLDING,KPB-HOLDINGAR-WMF3-2,Rack-1,Bin-1,43371166D,Normal,Beauty,Rack-1,Bin-1,WMF3,
Pending,PR17819,"KPB - Boost, Horlicks & MTR Health Drinks (1003)",1,3288,WMF3,WH34321,KPB-HOLDING,KPB-HOLDINGAR-WMF3-2,Rack-1,Bin-1,43371166D,Normal,Beauty,Rack-1,Bin-1,WMF3,
Pending,PR17819,"KPB - Boost, Horlicks & MTR Health Drinks (1003)",1,3288,WMF3,WH34322,KPB-HOLDING,KPB-HOLDINGAR-WMF3-2,Rack-1,Bin-1,43371166D,Normal,Beauty,Rack-1,Bin-1,WMF3,
Pending,PR17819,"KPB - Boost, Horlicks & MTR Health Drinks (1003)",1,3288,WMF3,WH34323,KPB-HOLDING,KPB-HOLDINGAR-WMF3-2,Rack-1,Bin-1,43371166D,Normal,Beauty,Rack-1,Bin-1,WMF3,
Pending,PR17819,"KPB - Boost, Horlicks & MTR Health Drinks (1003)",1,3288,WMF3,WH34324,KPB-HOLDING,KPB-HOLDINGAR-WMF3-2,Rack-1,Bin-1,43371166D,Normal,Beauty,Rack-1,Bin-1,WMF3,
Pending,PR17819,"KPB - Boost, Horlicks & MTR Health Drinks (1003)",1,3288,WMF3,WH34325,KPB-HOLDING,KPB-HOLDINGAR-WMF3-2,Rack-1,Bin-1,43371166D,Normal,Beauty,Rack-1,Bin-1,WMF3,
Pending,PR17819,"KPB - Boost, Horlicks & MTR Health Drinks (1003)",1,3288,WMF3,WH34326,KPB-HOLDING,KPB-HOLDINGAR-WMF3-2,Rack-1,Bin-1,43371166D,Normal,Beauty,Rack-1,Bin-1,WMF3,
Pending,PR17819,"KPB - Boost, Horlicks & MTR Health Drinks (1003)",1,3288,WMF3,WH34327,KPB-HOLDING,KPB-HOLDINGAR-WMF3-2,Rack-1,Bin-1,43371166D,Normal,Beauty,Rack-1,Bin-1,WMF3,
Pending,PR17819,"KPB - Boost, Horlicks & MTR Health Drinks (1003)",1,3288,WMF3,WH34328,KPB-HOLDING,KPB-HOLDINGAR-WMF3-2,Rack-1,Bin-1,43371166D,Normal,Beauty,Rack-1,Bin-1,WMF3,
Pending,PR17819,"KPB - Boost, Horlicks & MTR Health Drinks (1003)",1,3288,WMF3,WH34329,KPB-HOLDING,KPB-HOLDINGAR-WMF3-2,Rack-1,Bin-1,43371166D,Normal,Beauty,Rack-1,Bin-1,WMF3,
Pending,PR17819,"KPB - Boost, Horlicks & MTR Health Drinks (1003)",1,3288,WMF3,WH35284,KPB-HOLDING,KPB-HOLDINGAR-WMF3-2,Rack-1,Bin-1,43371166D,Normal,Beauty,Rack-1,Bin-1,WMF3,
Pending,PR17819,"KPB - Boost, Horlicks & MTR Health Drinks (1003)",1,3288,WMF3,WH35285,KPB-HOLDING,KPB-HOLDINGAR-WMF3-2,Rack-1,Bin-1,43371166D,Normal,Beauty,Rack-1,Bin-1,WMF3,
Pending,PR17819,"KPB - Boost, Horlicks & MTR Health Drinks (1003)",1,3288,WMF3,WH35286,KPB-HOLDING,KPB-HOLDINGAR-WMF3-2,Rack-1,Bin-1,43371166D,Normal,Beauty,Rack-1,Bin-1,WMF3,
Pending,PR17819,"KPB - Boost, Horlicks & MTR Health Drinks (1003)",1,3288,WMF3,WH35287,KPB-HOLDING,KPB-HOLDINGAR-WMF3-2,Rack-1,Bin-1,43371166D,Normal,Beauty,Rack-1,Bin-1,WMF3,
Pending,PR17819,"KPB - Boost, Horlicks & MTR Health Drinks (1003)",1,3288,WMF3,WH35288,KPB-HOLDING,KPB-HOLDINGAR-WMF3-2,Rack-1,Bin-1,43371166D,Normal,Beauty,Rack-1,Bin-1,WMF3,
Pending,PR17819,"KPB - Boost, Horlicks & MTR Health Drinks (1003)",1,3288,WMF3,WH35289,KPB-HOLDING,KPB-HOLDINGAR-WMF3-2,Rack-1,Bin-1,43371166D,Normal,Beauty,Rack-1,Bin-1,WMF3,
Pending,PR17819,"KPB - Boost, Horlicks & MTR Health Drinks (1003)",1,3288,WMF3,WH35290,KPB-HOLDING,KPB-HOLDINGAR-WMF3-2,Rack-1,Bin-1,43371166D,Normal,Beauty,Rack-1,Bin-1,WMF3,
Pending,PR17819,"KPB - Boost, Horlicks & MTR Health Drinks (1003)",1,3288,WMF3,WH35291,KPB-HOLDING,KPB-HOLDINGAR-WMF3-2,Rack-1,Bin-1,43371166D,Normal,Beauty,Rack-1,Bin-1,WMF3,
Pending,PR17819,"KPB - Boost, Horlicks & MTR Health Drinks (1003)",1,3288,WMF3,WH35292,KPB-HOLDING,KPB-HOLDINGAR-WMF3-2,Rack-1,Bin-1,43371166D,Normal,Beauty,Rack-1,Bin-1,WMF3,
Pending,PR17819,"KPB - Boost, Horlicks & MTR Health Drinks (1003)",1,3288,WMF3,WH35293,KPB-HOLDING,KPB-HOLDINGAR-WMF3-2,Rack-1,Bin-1,43371166D,Normal,Beauty,Rack-1,Bin-1,WMF3,
Pending,PR17755,KPB - Candy & Chewing Gum (1011),1,6944,WMF3,WH35822,KPB-HOLDING,KPB-HOLDINGAR-WMF3-1,Rack-1,Bin-1,32351297,Normal,Beauty,Rack-1,Bin-1,WMF3,
Pending,PR17755,KPB - Candy & Chewing Gum (1011),1,6944,WMF3,WH35823,KPB-HOLDING,KPB-HOLDINGAR-WMF3-1,Rack-1,Bin-1,32351297,Normal,Beauty,Rack-1,Bin-1,WMF3,
Pending,PR17755,KPB - Candy & Chewing Gum (1011),1,6944,WMF3,WH35824,KPB-HOLDING,KPB-HOLDINGAR-WMF3-1,Rack-1,Bin-1,32351297,Normal,Beauty,Rack-1,Bin-1,WMF3,
Pending,PR17777,KPB - Candy & Chewing Gum (1012),1,6296,WMF3,WH35196,KPB-HOLDING,KPB-HOLDINGAR-WMF3-2,Rack-1,Bin-1,141,Normal,Beauty,Rack-1,Bin-1,WMF3,
Pending,PR17777,KPB - Candy & Chewing Gum (1012),1,6296,WMF3,WH35197,KPB-HOLDING,KPB-HOLDINGAR-WMF3-2,Rack-1,Bin-1,141,Normal,Beauty,Rack-1,Bin-1,WMF3,
Pending,PR17777,KPB - Candy & Chewing Gum (1012),1,6296,WMF3,WH35198,KPB-HOLDING,KPB-HOLDINGAR-WMF3-2,Rack-1,Bin-1,141,Normal,Beauty,Rack-1,Bin-1,WMF3,
Pending,PR17777,KPB - Candy & Chewing Gum (1012),1,6296,WMF3,WH35199,KPB-HOLDING,KPB-HOLDINGAR-WMF3-2,Rack-1,Bin-1,141,Normal,Beauty,Rack-1,Bin-1,WMF3,
Pending,PR17777,KPB - Candy & Chewing Gum (1012),1,6296,WMF3,WH35200,KPB-HOLDING,KPB-HOLDINGAR-WMF3-2,Rack-1,Bin-1,141,Normal,Beauty,Rack-1,Bin-1,WMF3,
Pending,PR17777,KPB - Candy & Chewing Gum (1012),1,6296,WMF3,WH35830,KPB-HOLDING,KPB-HOLDINGAR-WMF3-1,Rack-1,Bin-1,141,Normal,Beauty,Rack-1,Bin-1,WMF3,
Pending,PR17777,KPB - Candy & Chewing Gum (1012),1,6296,WMF3,WH35831,KPB-HOLDING,KPB-HOLDINGAR-WMF3-1,Rack-1,Bin-1,141,Normal,Beauty,Rack-1,Bin-1,WMF3,
Pending,PR17777,KPB - Candy & Chewing Gum (1012),1,6296,WMF3,WH35832,KPB-HOLDING,KPB-HOLDINGAR-WMF3-1,Rack-1,Bin-1,141,Normal,Beauty,Rack-1,Bin-1,WMF3,
Pending,PR17777,KPB - Candy & Chewing Gum (1012),1,6296,WMF3,WH35833,KPB-HOLDING,KPB-HOLDINGAR-WMF3-1,Rack-1,Bin-1,141,Normal,Beauty,Rack-1,Bin-1,WMF3,
Pending,PR17777,KPB - Candy & Chewing Gum (1012),1,6296,WMF3,WH35834,KPB-HOLDING,KPB-HOLDINGAR-WMF3-1,Rack-1,Bin-1,141,Normal,Beauty,Rack-1,Bin-1,WMF3,
Pending,PR17799,KPB - Candy & Chewing Gum (1014),1,4524,WMF3,WH35777,KPB-HOLDING,KPB-HOLDINGAR-WMF3-1,Rack-1,Bin-1,23240501DG,Normal,Beauty,Rack-1,Bin-1,WMF3,
Pending,PR17799,KPB - Candy & Chewing Gum (1014),1,4524,WMF3,WH35778,KPB-HOLDING,KPB-HOLDINGAR-WMF3-1,Rack-1,Bin-1,23240501DG,Normal,Beauty,Rack-1,Bin-1,WMF3,
Pending,PR17799,KPB - Candy & Chewing Gum (1014),1,4524,WMF3,WH35779,KPB-HOLDING,KPB-HOLDINGAR-WMF3-1,Rack-1,Bin-1,23240501DG,Normal,Beauty,Rack-1,Bin-1,WMF3,
Pending,PR17799,KPB - Candy & Chewing Gum (1014),1,4524,WMF3,WH35780,KPB-HOLDING,KPB-HOLDINGAR-WMF3-1,Rack-1,Bin-1,23240501DG,Normal,Beauty,Rack-1,Bin-1,WMF3,
Pending,PR17799,KPB - Candy & Chewing Gum (1014),1,4524,WMF3,WH35781,KPB-HOLDING,KPB-HOLDINGAR-WMF3-1,Rack-1,Bin-1,23240501DG,Normal,Beauty,Rack-1,Bin-1,WMF3,
Pending,PR17595,KPB - Detergent Bar & Detergent Powder (1010),1,2320,WMF3,WH34279,KPB-HOLDING,KPB-HOLDINGAR-WMF3-2,Rack-1,Bin-1,12129765R,Normal,Beauty,Rack-1,Bin-1,WMF3,
Pending,PR17595,KPB - Detergent Bar & Detergent Powder (1010),1,2320,WMF3,WH34280,KPB-HOLDING,KPB-HOLDINGAR-WMF3-2,Rack-1,Bin-1,12129765R,Normal,Beauty,Rack-1,Bin-1,WMF3,
Pending,PR17595,KPB - Detergent Bar & Detergent Powder (1010),1,2320,WMF3,WH34281,KPB-HOLDING,KPB-HOLDINGAR-WMF3-2,Rack-1,Bin-1,12129765R,Normal,Beauty,Rack-1,Bin-1,WMF3,
Pending,PR17595,KPB - Detergent Bar & Detergent Powder (1010),1,2320,WMF3,WH34282,KPB-HOLDING,KPB-HOLDINGAR-WMF3-2,Rack-1,Bin-1,12129765R,Normal,Beauty,Rack-1,Bin-1,WMF3,
Pending,PR17595,KPB - Detergent Bar & Detergent Powder (1010),1,2320,WMF3,WH34283,KPB-HOLDING,KPB-HOLDINGAR-WMF3-2,Rack-1,Bin-1,12129765R,Normal,Beauty,Rack-1,Bin-1,WMF3,
Pending,PR17595,KPB - Detergent Bar & Detergent Powder (1010),1,2320,WMF3,WH34284,KPB-HOLDING,KPB-HOLDINGAR-WMF3-2,Rack-1,Bin-1,12129765R,Normal,Beauty,Rack-1,Bin-1,WMF3,
Pending,PR17595,KPB - Detergent Bar & Detergent Powder (1010),1,2320,WMF3,WH34285,KPB-HOLDING,KPB-HOLDINGAR-WMF3-2,Rack-1,Bin-1,12129765R,Normal,Beauty,Rack-1,Bin-1,WMF3,
Pending,PR17595,KPB - Detergent Bar & Detergent Powder (1010),1,2320,WMF3,WH34286,KPB-HOLDING,KPB-HOLDINGAR-WMF3-2,Rack-1,Bin-1,12129765R,Normal,Beauty,Rack-1,Bin-1,WMF3,
Pending,PR17595,KPB - Detergent Bar & Detergent Powder (1010),1,2320,WMF3,WH34287,KPB-HOLDING,KPB-HOLDINGAR-WMF3-2,Rack-1,Bin-1,12129765R,Normal,Beauty,Rack-1,Bin-1,WMF3,
Pending,PR17595,KPB - Detergent Bar & Detergent Powder (1010),1,2320,WMF3,WH34288,KPB-HOLDING,KPB-HOLDINGAR-WMF3-2,Rack-1,Bin-1,12129765R,Normal,Beauty,Rack-1,Bin-1,WMF3,
Pending,PR17595,KPB - Detergent Bar & Detergent Powder (1010),1,2320,WMF3,WH34402,KPB-HOLDING,KPB-HOLDINGAR-WMF3-2,Rack-1,Bin-1,12129765R,Normal,Beauty,Rack-1,Bin-1,WMF3,
Pending,PR17595,KPB - Detergent Bar & Detergent Powder (1010),1,2320,WMF3,WH34403,KPB-HOLDING,KPB-HOLDINGAR-WMF3-2,Rack-1,Bin-1,12129765R,Normal,Beauty,Rack-1,Bin-1,WMF3,
Pending,PR17595,KPB - Detergent Bar & Detergent Powder (1010),1,2320,WMF3,WH34404,KPB-HOLDING,KPB-HOLDINGAR-WMF3-2,Rack-1,Bin-1,12129765R,Normal,Beauty,Rack-1,Bin-1,WMF3,
Pending,PR17595,KPB - Detergent Bar & Detergent Powder (1010),1,2320,WMF3,WH34405,KPB-HOLDING,KPB-HOLDINGAR-WMF3-2,Rack-1,Bin-1,12129765R,Normal,Beauty,Rack-1,Bin-1,WMF3,
Pending,PR17595,KPB - Detergent Bar & Detergent Powder (1010),1,2320,WMF3,WH34406,KPB-HOLDING,KPB-HOLDINGAR-WMF3-2,Rack-1,Bin-1,12129765R,Normal,Beauty,Rack-1,Bin-1,WMF3,
Pending,PR17595,KPB - Detergent Bar & Detergent Powder (1010),1,2320,WMF3,WH34407,KPB-HOLDING,KPB-HOLDINGAR-WMF3-2,Rack-1,Bin-1,12129765R,Normal,Beauty,Rack-1,Bin-1,WMF3,
Pending,PR17595,KPB - Detergent Bar & Detergent Powder (1010),1,2320,WMF3,WH34408,KPB-HOLDING,KPB-HOLDINGAR-WMF3-2,Rack-1,Bin-1,12129765R,Normal,Beauty,Rack-1,Bin-1,WMF3,
Pending,PR17595,KPB - Detergent Bar & Detergent Powder (1010),1,2320,WMF3,WH34409,KPB-HOLDING,KPB-HOLDINGAR-WMF3-2,Rack-1,Bin-1,12129765R,Normal,Beauty,Rack-1,Bin-1,WMF3,
Pending,PR17595,KPB - Detergent Bar & Detergent Powder (1010),1,2320,WMF3,WH34410,KPB-HOLDING,KPB-HOLDINGAR-WMF3-2,Rack-1,Bin-1,12129765R,Normal,Beauty,Rack-1,Bin-1,WMF3,
Pending,PR17595,KPB - Detergent Bar & Detergent Powder (1010),1,2320,WMF3,WH34411,KPB-HOLDING,KPB-HOLDINGAR-WMF3-2,Rack-1,Bin-1,12129765R,Normal,Beauty,Rack-1,Bin-1,WMF3,
Pending,PR17595,KPB - Detergent Bar & Detergent Powder (1010),1,2320,WMF3,WH35360,KPB-HOLDING,KPB-HOLDINGAR-WMF3-2,Rack-1,Bin-1,12129765R,Normal,Beauty,Rack-1,Bin-1,WMF3,
Pending,PR17595,KPB - Detergent Bar & Detergent Powder (1010),1,2320,WMF3,WH35361,KPB-HOLDING,KPB-HOLDINGAR-WMF3-2,Rack-1,Bin-1,12129765R,Normal,Beauty,Rack-1,Bin-1,WMF3,
Pending,PR17595,KPB - Detergent Bar & Detergent Powder (1010),1,2320,WMF3,WH35362,KPB-HOLDING,KPB-HOLDINGAR-WMF3-2,Rack-1,Bin-1,12129765R,Normal,Beauty,Rack-1,Bin-1,WMF3,
Pending,PR17595,KPB - Detergent Bar & Detergent Powder (1010),1,2320,WMF3,WH35363,KPB-HOLDING,KPB-HOLDINGAR-WMF3-2,Rack-1,Bin-1,12129765R,Normal,Beauty,Rack-1,Bin-1,WMF3,
Pending,PR17595,KPB - Detergent Bar & Detergent Powder (1010),1,2320,WMF3,WH35364,KPB-HOLDING,KPB-HOLDINGAR-WMF3-2,Rack-1,Bin-1,12129765R,Normal,Beauty,Rack-1,Bin-1,WMF3,
Pending,PR17595,KPB - Detergent Bar & Detergent Powder (1010),1,2320,WMF3,WH35365,KPB-HOLDING,KPB-HOLDINGAR-WMF3-2,Rack-1,Bin-1,12129765R,Normal,Beauty,Rack-1,Bin-1,WMF3,
Pending,PR17595,KPB - Detergent Bar & Detergent Powder (1010),1,2320,WMF3,WH35366,KPB-HOLDING,KPB-HOLDINGAR-WMF3-2,Rack-1,Bin-1,12129765R,Normal,Beauty,Rack-1,Bin-1,WMF3,
Pending,PR17595,KPB - Detergent Bar & Detergent Powder (1010),1,2320,WMF3,WH35367,KPB-HOLDING,KPB-HOLDINGAR-WMF3-2,Rack-1,Bin-1,12129765R,Normal,Beauty,Rack-1,Bin-1,WMF3,
Pending,PR17595,KPB - Detergent Bar & Detergent Powder (1010),1,2320,WMF3,WH35368,KPB-HOLDING,KPB-HOLDINGAR-WMF3-2,Rack-1,Bin-1,12129765R,Normal,Beauty,Rack-1,Bin-1,WMF3,
Pending,PR17595,KPB - Detergent Bar & Detergent Powder (1010),1,2320,WMF3,WH35369,KPB-HOLDING,KPB-HOLDINGAR-WMF3-2,Rack-1,Bin-1,12129765R,Normal,Beauty,Rack-1,Bin-1,WMF3,
Pending,PR17756,KPB - Dishwash Bar & Detergent Bar (1011),1,5016,WMF3,WH35691,KPB-HOLDING,KPB-HOLDINGAR-WMF3-1,Rack-1,Bin-1,32356553,Normal,Beauty,Rack-1,Bin-1,WMF3,
Pending,PR17756,KPB - Dishwash Bar & Detergent Bar (1011),1,5016,WMF3,WH35692,KPB-HOLDING,KPB-HOLDINGAR-WMF3-1,Rack-1,Bin-1,32356553,Normal,Beauty,Rack-1,Bin-1,WMF3,
Pending,PR17756,KPB - Dishwash Bar & Detergent Bar (1011),1,5016,WMF3,WH35693,KPB-HOLDING,KPB-HOLDINGAR-WMF3-1,Rack-1,Bin-1,32356553,Normal,Beauty,Rack-1,Bin-1,WMF3,
Pending,PR17756,KPB - Dishwash Bar & Detergent Bar (1011),1,5016,WMF3,WH35694,KPB-HOLDING,KPB-HOLDINGAR-WMF3-1,Rack-1,Bin-1,32356553,Normal,Beauty,Rack-1,Bin-1,WMF3,
Pending,PR17756,KPB - Dishwash Bar & Detergent Bar (1011),1,5016,WMF3,WH35695,KPB-HOLDING,KPB-HOLDINGAR-WMF3-1,Rack-1,Bin-1,32356553,Normal,Beauty,Rack-1,Bin-1,WMF3,
Pending,PR17794,KPB - Dishwash Bar & Detergent Bar (1012),1,3912,WMF3,WH35632,KPB-HOLDING,KPB-HOLDINGAR-WMF3-1,Rack-1,Bin-1,23235789WQW,Normal,Beauty,Rack-1,Bin-1,WMF3,
Pending,PR17794,KPB - Dishwash Bar & Detergent Bar (1012),1,3912,WMF3,WH35633,KPB-HOLDING,KPB-HOLDINGAR-WMF3-1,Rack-1,Bin-1,23235789WQW,Normal,Beauty,Rack-1,Bin-1,WMF3,
Pending,PR17794,KPB - Dishwash Bar & Detergent Bar (1012),1,3912,WMF3,WH35634,KPB-HOLDING,KPB-HOLDINGAR-WMF3-1,Rack-1,Bin-1,23235789WQW,Normal,Beauty,Rack-1,Bin-1,WMF3,
Pending,PR17794,KPB - Dishwash Bar & Detergent Bar (1012),1,3912,WMF3,WH35635,KPB-HOLDING,KPB-HOLDINGAR-WMF3-1,Rack-1,Bin-1,23235789WQW,Normal,Beauty,Rack-1,Bin-1,WMF3,
Pending,PR17794,KPB - Dishwash Bar & Detergent Bar (1012),1,3912,WMF3,WH35636,KPB-HOLDING,KPB-HOLDINGAR-WMF3-1,Rack-1,Bin-1,23235789WQW,Normal,Beauty,Rack-1,Bin-1,WMF3,
Pending,PR17835,KPB - Fairness Cream (1006),1,4112,WMF3,WH35350,KPB-HOLDING,KPB-HOLDINGAR-WMF3-2,Rack-1,Bin-1,43385102D,Normal,Beauty,Rack-1,Bin-1,WMF3,
Pending,PR17835,KPB - Fairness Cream (1006),1,4112,WMF3,WH35351,KPB-HOLDING,KPB-HOLDINGAR-WMF3-2,Rack-1,Bin-1,43385102D,Normal,Beauty,Rack-1,Bin-1,WMF3,
Pending,PR17835,KPB - Fairness Cream (1006),1,4112,WMF3,WH35352,KPB-HOLDING,KPB-HOLDINGAR-WMF3-2,Rack-1,Bin-1,43385102D,Normal,Beauty,Rack-1,Bin-1,WMF3,
Pending,PR17835,KPB - Fairness Cream (1006),1,4112,WMF3,WH35353,KPB-HOLDING,KPB-HOLDINGAR-WMF3-2,Rack-1,Bin-1,43385102D,Normal,Beauty,Rack-1,Bin-1,WMF3,
Pending,PR17835,KPB - Fairness Cream (1006),1,4112,WMF3,WH35354,KPB-HOLDING,KPB-HOLDINGAR-WMF3-2,Rack-1,Bin-1,43385102D,Normal,Beauty,Rack-1,Bin-1,WMF3,
Pending,PR17835,KPB - Fairness Cream (1006),1,4112,WMF3,WH35355,KPB-HOLDING,KPB-HOLDINGAR-WMF3-2,Rack-1,Bin-1,43385102D,Normal,Beauty,Rack-1,Bin-1,WMF3,
Pending,PR17565,KPB - Fairness Cream (1009),1,3352,WMF3,WH35277,KPB-HOLDING,KPB-HOLDINGAR-WMF3-2,Rack-1,Bin-1,7.82181E+11,Normal,Beauty,Rack-1,Bin-1,WMF3,
Pending,PR17565,KPB - Fairness Cream (1009),1,3352,WMF3,WH35278,KPB-HOLDING,KPB-HOLDINGAR-WMF3-2,Rack-1,Bin-1,7.82181E+11,Normal,Beauty,Rack-1,Bin-1,WMF3,
Pending,PR17565,KPB - Fairness Cream (1009),1,3352,WMF3,WH35279,KPB-HOLDING,KPB-HOLDINGAR-WMF3-2,Rack-1,Bin-1,7.82181E+11,Normal,Beauty,Rack-1,Bin-1,WMF3,
Pending,PR17565,KPB - Fairness Cream (1009),1,3352,WMF3,WH35280,KPB-HOLDING,KPB-HOLDINGAR-WMF3-2,Rack-1,Bin-1,7.82181E+11,Normal,Beauty,Rack-1,Bin-1,WMF3,
Pending,PR17565,KPB - Fairness Cream (1009),1,3352,WMF3,WH35281,KPB-HOLDING,KPB-HOLDINGAR-WMF3-2,Rack-1,Bin-1,7.82181E+11,Normal,Beauty,Rack-1,Bin-1,WMF3,
Pending,PR17565,KPB - Fairness Cream (1009),1,3352,WMF3,WH35282,KPB-HOLDING,KPB-HOLDINGAR-WMF3-2,Rack-1,Bin-1,7.82181E+11,Normal,Beauty,Rack-1,Bin-1,WMF3,
Pending,PR17565,KPB - Fairness Cream (1009),1,3352,WMF3,WH35283,KPB-HOLDING,KPB-HOLDINGAR-WMF3-2,Rack-1,Bin-1,7.82181E+11,Normal,Beauty,Rack-1,Bin-1,WMF3,
Pending,PR17796,KPB - Fairness Cream (1012),1,2760,WMF3,WH35193,KPB-HOLDING,KPB-HOLDINGAR-WMF3-2,Rack-1,Bin-1,23238145WR,Normal,Beauty,Rack-1,Bin-1,WMF3,
Pending,PR17796,KPB - Fairness Cream (1012),1,2760,WMF3,WH35194,KPB-HOLDING,KPB-HOLDINGAR-WMF3-2,Rack-1,Bin-1,23238145WR,Normal,Beauty,Rack-1,Bin-1,WMF3,
Pending,PR17796,KPB - Fairness Cream (1012),1,2760,WMF3,WH35195,KPB-HOLDING,KPB-HOLDINGAR-WMF3-2,Rack-1,Bin-1,23238145WR,Normal,Beauty,Rack-1,Bin-1,WMF3,
Pending,PR17796,KPB - Fairness Cream (1012),1,2760,WMF3,WH35798,KPB-HOLDING,KPB-HOLDINGAR-WMF3-1,Rack-1,Bin-1,23238145WR,Normal,Beauty,Rack-1,Bin-1,WMF3,
Pending,PR17796,KPB - Fairness Cream (1012),1,2760,WMF3,WH35799,KPB-HOLDING,KPB-HOLDINGAR-WMF3-1,Rack-1,Bin-1,23238145WR,Normal,Beauty,Rack-1,Bin-1,WMF3,
Pending,PR17796,KPB - Fairness Cream (1012),1,2760,WMF3,WH35800,KPB-HOLDING,KPB-HOLDINGAR-WMF3-1,Rack-1,Bin-1,23238145WR,Normal,Beauty,Rack-1,Bin-1,WMF3,
Pending,PR17817,KPB - Fairness Cream & Face Wash (1002),1,3792,WMF3,WH35294,KPB-HOLDING,KPB-HOLDINGAR-WMF3-2,Rack-1,Bin-1,43369826B,Normal,Beauty,Rack-1,Bin-1,WMF3,
Pending,PR17817,KPB - Fairness Cream & Face Wash (1002),1,3792,WMF3,WH35295,KPB-HOLDING,KPB-HOLDINGAR-WMF3-2,Rack-1,Bin-1,43369826B,Normal,Beauty,Rack-1,Bin-1,WMF3,
Pending,PR17817,KPB - Fairness Cream & Face Wash (1002),1,3792,WMF3,WH35296,KPB-HOLDING,KPB-HOLDINGAR-WMF3-2,Rack-1,Bin-1,43369826B,Normal,Beauty,Rack-1,Bin-1,WMF3,
Pending,PR17817,KPB - Fairness Cream & Face Wash (1002),1,3792,WMF3,WH35297,KPB-HOLDING,KPB-HOLDINGAR-WMF3-2,Rack-1,Bin-1,43369826B,Normal,Beauty,Rack-1,Bin-1,WMF3,
Pending,PR17817,KPB - Fairness Cream & Face Wash (1002),1,3792,WMF3,WH35298,KPB-HOLDING,KPB-HOLDINGAR-WMF3-2,Rack-1,Bin-1,43369826B,Normal,Beauty,Rack-1,Bin-1,WMF3,
Pending,PR17817,KPB - Fairness Cream & Face Wash (1002),1,3792,WMF3,WH35299,KPB-HOLDING,KPB-HOLDINGAR-WMF3-2,Rack-1,Bin-1,43369826B,Normal,Beauty,Rack-1,Bin-1,WMF3,
Pending,PR17817,KPB - Fairness Cream & Face Wash (1002),1,3792,WMF3,WH35300,KPB-HOLDING,KPB-HOLDINGAR-WMF3-2,Rack-1,Bin-1,43369826B,Normal,Beauty,Rack-1,Bin-1,WMF3,
Pending,PR17817,KPB - Fairness Cream & Face Wash (1002),1,3792,WMF3,WH35301,KPB-HOLDING,KPB-HOLDINGAR-WMF3-2,Rack-1,Bin-1,43369826B,Normal,Beauty,Rack-1,Bin-1,WMF3,
Pending,PR17817,KPB - Fairness Cream & Face Wash (1002),1,3792,WMF3,WH35302,KPB-HOLDING,KPB-HOLDINGAR-WMF3-2,Rack-1,Bin-1,43369826B,Normal,Beauty,Rack-1,Bin-1,WMF3,
Pending,PR17817,KPB - Fairness Cream & Face Wash (1002),1,3792,WMF3,WH35303,KPB-HOLDING,KPB-HOLDINGAR-WMF3-2,Rack-1,Bin-1,43369826B,Normal,Beauty,Rack-1,Bin-1,WMF3,
Pending,PR17782,KPB - Hair Oil (1012),1,4758,WMF3,WH35788,KPB-HOLDING,KPB-HOLDINGAR-WMF3-1,Rack-1,Bin-1,923810842,Normal,Beauty,Rack-1,Bin-1,WMF3,
Pending,PR17782,KPB - Hair Oil (1012),1,4758,WMF3,WH35789,KPB-HOLDING,KPB-HOLDINGAR-WMF3-1,Rack-1,Bin-1,923810842,Normal,Beauty,Rack-1,Bin-1,WMF3,
Pending,PR17782,KPB - Hair Oil (1012),1,4758,WMF3,WH35790,KPB-HOLDING,KPB-HOLDINGAR-WMF3-1,Rack-1,Bin-1,923810842,Normal,Beauty,Rack-1,Bin-1,WMF3,
Pending,PR17782,KPB - Hair Oil (1012),1,4758,WMF3,WH35791,KPB-HOLDING,KPB-HOLDINGAR-WMF3-1,Rack-1,Bin-1,923810842,Normal,Beauty,Rack-1,Bin-1,WMF3,
Pending,PR17782,KPB - Hair Oil (1012),1,4758,WMF3,WH35792,KPB-HOLDING,KPB-HOLDINGAR-WMF3-1,Rack-1,Bin-1,923810842,Normal,Beauty,Rack-1,Bin-1,WMF3,
Pending,PR17792,KPB - Hair Oil & Fairness Cream (1014),1,5806,WMF3,WH35785,KPB-HOLDING,KPB-HOLDINGAR-WMF3-1,Rack-1,Bin-1,923810884,Normal,Beauty,Rack-1,Bin-1,WMF3,
Pending,PR17792,KPB - Hair Oil & Fairness Cream (1014),1,5806,WMF3,WH35786,KPB-HOLDING,KPB-HOLDINGAR-WMF3-1,Rack-1,Bin-1,923810884,Normal,Beauty,Rack-1,Bin-1,WMF3,
Pending,PR17792,KPB - Hair Oil & Fairness Cream (1014),1,5806,WMF3,WH35787,KPB-HOLDING,KPB-HOLDINGAR-WMF3-1,Rack-1,Bin-1,923810884,Normal,Beauty,Rack-1,Bin-1,WMF3,
Pending,PR17830,KPB - Hair Oil & Hair Color (1004),1,2146,WMF3,WH34310,KPB-HOLDING,KPB-HOLDINGAR-WMF3-2,Rack-1,Bin-1,43380814D,Normal,Beauty,Rack-1,Bin-1,WMF3,
Pending,PR17830,KPB - Hair Oil & Hair Color (1004),1,2146,WMF3,WH34311,KPB-HOLDING,KPB-HOLDINGAR-WMF3-2,Rack-1,Bin-1,43380814D,Normal,Beauty,Rack-1,Bin-1,WMF3,
Pending,PR17830,KPB - Hair Oil & Hair Color (1004),1,2146,WMF3,WH34312,KPB-HOLDING,KPB-HOLDINGAR-WMF3-2,Rack-1,Bin-1,43380814D,Normal,Beauty,Rack-1,Bin-1,WMF3,
Pending,PR17830,KPB - Hair Oil & Hair Color (1004),1,2146,WMF3,WH34313,KPB-HOLDING,KPB-HOLDINGAR-WMF3-2,Rack-1,Bin-1,43380814D,Normal,Beauty,Rack-1,Bin-1,WMF3,
Pending,PR17830,KPB - Hair Oil & Hair Color (1004),1,2146,WMF3,WH34314,KPB-HOLDING,KPB-HOLDINGAR-WMF3-2,Rack-1,Bin-1,43380814D,Normal,Beauty,Rack-1,Bin-1,WMF3,
Pending,PR17830,KPB - Hair Oil & Hair Color (1004),1,2146,WMF3,WH34315,KPB-HOLDING,KPB-HOLDINGAR-WMF3-2,Rack-1,Bin-1,43380814D,Normal,Beauty,Rack-1,Bin-1,WMF3,
Pending,PR17830,KPB - Hair Oil & Hair Color (1004),1,2146,WMF3,WH34316,KPB-HOLDING,KPB-HOLDINGAR-WMF3-2,Rack-1,Bin-1,43380814D,Normal,Beauty,Rack-1,Bin-1,WMF3,
Pending,PR17830,KPB - Hair Oil & Hair Color (1004),1,2146,WMF3,WH34317,KPB-HOLDING,KPB-HOLDINGAR-WMF3-2,Rack-1,Bin-1,43380814D,Normal,Beauty,Rack-1,Bin-1,WMF3,
Pending,PR17830,KPB - Hair Oil & Hair Color (1004),1,2146,WMF3,WH34318,KPB-HOLDING,KPB-HOLDINGAR-WMF3-2,Rack-1,Bin-1,43380814D,Normal,Beauty,Rack-1,Bin-1,WMF3,
Pending,PR17830,KPB - Hair Oil & Hair Color (1004),1,2146,WMF3,WH34319,KPB-HOLDING,KPB-HOLDINGAR-WMF3-2,Rack-1,Bin-1,43380814D,Normal,Beauty,Rack-1,Bin-1,WMF3,
Pending,PR17786,"KPB - Hair Oil, Hair Color & Fairness Cream (1013)",1,5200,WMF3,WH35316,KPB-HOLDING,KPB-HOLDINGAR-WMF3-2,Rack-1,Bin-1,923810856,Normal,Beauty,Rack-1,Bin-1,WMF3,
Pending,PR17786,"KPB - Hair Oil, Hair Color & Fairness Cream (1013)",1,5200,WMF3,WH35317,KPB-HOLDING,KPB-HOLDINGAR-WMF3-2,Rack-1,Bin-1,923810856,Normal,Beauty,Rack-1,Bin-1,WMF3,
Pending,PR17786,"KPB - Hair Oil, Hair Color & Fairness Cream (1013)",1,5200,WMF3,WH35318,KPB-HOLDING,KPB-HOLDINGAR-WMF3-2,Rack-1,Bin-1,923810856,Normal,Beauty,Rack-1,Bin-1,WMF3,
Pending,PR17786,"KPB - Hair Oil, Hair Color & Fairness Cream (1013)",1,5200,WMF3,WH35319,KPB-HOLDING,KPB-HOLDINGAR-WMF3-2,Rack-1,Bin-1,923810856,Normal,Beauty,Rack-1,Bin-1,WMF3,
Pending,PR17786,"KPB - Hair Oil, Hair Color & Fairness Cream (1013)",1,5200,WMF3,WH35320,KPB-HOLDING,KPB-HOLDINGAR-WMF3-2,Rack-1,Bin-1,923810856,Normal,Beauty,Rack-1,Bin-1,WMF3,
Pending,PR17786,"KPB - Hair Oil, Hair Color & Fairness Cream (1013)",1,5200,WMF3,WH35321,KPB-HOLDING,KPB-HOLDINGAR-WMF3-2,Rack-1,Bin-1,923810856,Normal,Beauty,Rack-1,Bin-1,WMF3,
Pending,PR17786,"KPB - Hair Oil, Hair Color & Fairness Cream (1013)",1,5200,WMF3,WH35322,KPB-HOLDING,KPB-HOLDINGAR-WMF3-2,Rack-1,Bin-1,923810856,Normal,Beauty,Rack-1,Bin-1,WMF3,
Pending,PR17786,"KPB - Hair Oil, Hair Color & Fairness Cream (1013)",1,5200,WMF3,WH35323,KPB-HOLDING,KPB-HOLDINGAR-WMF3-2,Rack-1,Bin-1,923810856,Normal,Beauty,Rack-1,Bin-1,WMF3,
Pending,PR17786,"KPB - Hair Oil, Hair Color & Fairness Cream (1013)",1,5200,WMF3,WH35324,KPB-HOLDING,KPB-HOLDINGAR-WMF3-2,Rack-1,Bin-1,923810856,Normal,Beauty,Rack-1,Bin-1,WMF3,
Pending,PR17786,"KPB - Hair Oil, Hair Color & Fairness Cream (1013)",1,5200,WMF3,WH35325,KPB-HOLDING,KPB-HOLDINGAR-WMF3-2,Rack-1,Bin-1,923810856,Normal,Beauty,Rack-1,Bin-1,WMF3,
Pending,PR17786,"KPB - Hair Oil, Hair Color & Fairness Cream (1013)",1,5200,WMF3,WH35755,KPB-HOLDING,KPB-HOLDINGAR-WMF3-1,Rack-1,Bin-1,923810856,Normal,Beauty,Rack-1,Bin-1,WMF3,
Pending,PR17786,"KPB - Hair Oil, Hair Color & Fairness Cream (1013)",1,5200,WMF3,WH35756,KPB-HOLDING,KPB-HOLDINGAR-WMF3-1,Rack-1,Bin-1,923810856,Normal,Beauty,Rack-1,Bin-1,WMF3,
Pending,PR17786,"KPB - Hair Oil, Hair Color & Fairness Cream (1013)",1,5200,WMF3,WH35757,KPB-HOLDING,KPB-HOLDINGAR-WMF3-1,Rack-1,Bin-1,923810856,Normal,Beauty,Rack-1,Bin-1,WMF3,
Pending,PR17786,"KPB - Hair Oil, Hair Color & Fairness Cream (1013)",1,5200,WMF3,WH35758,KPB-HOLDING,KPB-HOLDINGAR-WMF3-1,Rack-1,Bin-1,923810856,Normal,Beauty,Rack-1,Bin-1,WMF3,
Pending,PR17786,"KPB - Hair Oil, Hair Color & Fairness Cream (1013)",1,5200,WMF3,WH35759,KPB-HOLDING,KPB-HOLDINGAR-WMF3-1,Rack-1,Bin-1,923810856,Normal,Beauty,Rack-1,Bin-1,WMF3,
Pending,PR17786,"KPB - Hair Oil, Hair Color & Fairness Cream (1013)",1,5200,WMF3,WH35760,KPB-HOLDING,KPB-HOLDINGAR-WMF3-1,Rack-1,Bin-1,923810856,Normal,Beauty,Rack-1,Bin-1,WMF3,
Pending,PR17786,"KPB - Hair Oil, Hair Color & Fairness Cream (1013)",1,5200,WMF3,WH35761,KPB-HOLDING,KPB-HOLDINGAR-WMF3-1,Rack-1,Bin-1,923810856,Normal,Beauty,Rack-1,Bin-1,WMF3,
Pending,PR17786,"KPB - Hair Oil, Hair Color & Fairness Cream (1013)",1,5200,WMF3,WH35762,KPB-HOLDING,KPB-HOLDINGAR-WMF3-1,Rack-1,Bin-1,923810856,Normal,Beauty,Rack-1,Bin-1,WMF3,
Pending,PR17786,"KPB - Hair Oil, Hair Color & Fairness Cream (1013)",1,5200,WMF3,WH35763,KPB-HOLDING,KPB-HOLDINGAR-WMF3-1,Rack-1,Bin-1,923810856,Normal,Beauty,Rack-1,Bin-1,WMF3,
Pending,PR17786,"KPB - Hair Oil, Hair Color & Fairness Cream (1013)",1,5200,WMF3,WH35764,KPB-HOLDING,KPB-HOLDINGAR-WMF3-1,Rack-1,Bin-1,923810856,Normal,Beauty,Rack-1,Bin-1,WMF3,
Pending,PR17757,KPB - Maggi & Yippee Noodles (1011),1,1688,WMF3,WH35835,KPB-HOLDING,KPB-HOLDINGAR-WMF3-1,Rack-1,Bin-1,32367065,Normal,Beauty,Rack-1,Bin-1,WMF3,
Pending,PR17757,KPB - Maggi & Yippee Noodles (1011),1,1688,WMF3,WH35836,KPB-HOLDING,KPB-HOLDINGAR-WMF3-1,Rack-1,Bin-1,32367065,Normal,Beauty,Rack-1,Bin-1,WMF3,
Pending,PR17757,KPB - Maggi & Yippee Noodles (1011),1,1688,WMF3,WH35837,KPB-HOLDING,KPB-HOLDINGAR-WMF3-1,Rack-1,Bin-1,32367065,Normal,Beauty,Rack-1,Bin-1,WMF3,
Pending,PR17757,KPB - Maggi & Yippee Noodles (1011),1,1688,WMF3,WH35838,KPB-HOLDING,KPB-HOLDINGAR-WMF3-1,Rack-1,Bin-1,32367065,Normal,Beauty,Rack-1,Bin-1,WMF3,
Pending,PR17757,KPB - Maggi & Yippee Noodles (1011),1,1688,WMF3,WH35839,KPB-HOLDING,KPB-HOLDINGAR-WMF3-1,Rack-1,Bin-1,32367065,Normal,Beauty,Rack-1,Bin-1,WMF3,
Pending,PR17797,"KPB - Maggi Noodles & Boost, Horlicks Health Drinks (1013)",1,5653,WMF3,WH35765,KPB-HOLDING,KPB-HOLDINGAR-WMF3-1,Rack-1,Bin-1,23238393DF,Normal,Beauty,Rack-1,Bin-1,WMF3,
Pending,PR17797,"KPB - Maggi Noodles & Boost, Horlicks Health Drinks (1013)",1,5653,WMF3,WH35766,KPB-HOLDING,KPB-HOLDINGAR-WMF3-1,Rack-1,Bin-1,23238393DF,Normal,Beauty,Rack-1,Bin-1,WMF3,
Pending,PR17797,"KPB - Maggi Noodles & Boost, Horlicks Health Drinks (1013)",1,5653,WMF3,WH35767,KPB-HOLDING,KPB-HOLDINGAR-WMF3-1,Rack-1,Bin-1,23238393DF,Normal,Beauty,Rack-1,Bin-1,WMF3,
Pending,PR17797,"KPB - Maggi Noodles & Boost, Horlicks Health Drinks (1013)",1,5653,WMF3,WH35768,KPB-HOLDING,KPB-HOLDINGAR-WMF3-1,Rack-1,Bin-1,23238393DF,Normal,Beauty,Rack-1,Bin-1,WMF3,
Pending,PR17797,"KPB - Maggi Noodles & Boost, Horlicks Health Drinks (1013)",1,5653,WMF3,WH35769,KPB-HOLDING,KPB-HOLDINGAR-WMF3-1,Rack-1,Bin-1,23238393DF,Normal,Beauty,Rack-1,Bin-1,WMF3,
Pending,PR17797,"KPB - Maggi Noodles & Boost, Horlicks Health Drinks (1013)",1,5653,WMF3,WH35770,KPB-HOLDING,KPB-HOLDINGAR-WMF3-1,Rack-1,Bin-1,23238393DF,Normal,Beauty,Rack-1,Bin-1,WMF3,
Pending,PR17797,"KPB - Maggi Noodles & Boost, Horlicks Health Drinks (1013)",1,5653,WMF3,WH35771,KPB-HOLDING,KPB-HOLDINGAR-WMF3-1,Rack-1,Bin-1,23238393DF,Normal,Beauty,Rack-1,Bin-1,WMF3,
Pending,PR17824,KPB - Parachute & Vatika Hair Oil (1003),1,2010,WMF3,WH34290,KPB-HOLDING,KPB-HOLDINGAR-WMF3-2,Rack-1,Bin-1,43375722B,Normal,Beauty,Rack-1,Bin-1,WMF3,
Pending,PR17824,KPB - Parachute & Vatika Hair Oil (1003),1,2010,WMF3,WH34291,KPB-HOLDING,KPB-HOLDINGAR-WMF3-2,Rack-1,Bin-1,43375722B,Normal,Beauty,Rack-1,Bin-1,WMF3,
Pending,PR17824,KPB - Parachute & Vatika Hair Oil (1003),1,2010,WMF3,WH34292,KPB-HOLDING,KPB-HOLDINGAR-WMF3-2,Rack-1,Bin-1,43375722B,Normal,Beauty,Rack-1,Bin-1,WMF3,
Pending,PR17824,KPB - Parachute & Vatika Hair Oil (1003),1,2010,WMF3,WH34293,KPB-HOLDING,KPB-HOLDINGAR-WMF3-2,Rack-1,Bin-1,43375722B,Normal,Beauty,Rack-1,Bin-1,WMF3,
Pending,PR17824,KPB - Parachute & Vatika Hair Oil (1003),1,2010,WMF3,WH34294,KPB-HOLDING,KPB-HOLDINGAR-WMF3-2,Rack-1,Bin-1,43375722B,Normal,Beauty,Rack-1,Bin-1,WMF3,
Pending,PR17824,KPB - Parachute & Vatika Hair Oil (1003),1,2010,WMF3,WH34295,KPB-HOLDING,KPB-HOLDINGAR-WMF3-2,Rack-1,Bin-1,43375722B,Normal,Beauty,Rack-1,Bin-1,WMF3,
Pending,PR17824,KPB - Parachute & Vatika Hair Oil (1003),1,2010,WMF3,WH34296,KPB-HOLDING,KPB-HOLDINGAR-WMF3-2,Rack-1,Bin-1,43375722B,Normal,Beauty,Rack-1,Bin-1,WMF3,
Pending,PR17824,KPB - Parachute & Vatika Hair Oil (1003),1,2010,WMF3,WH34297,KPB-HOLDING,KPB-HOLDINGAR-WMF3-2,Rack-1,Bin-1,43375722B,Normal,Beauty,Rack-1,Bin-1,WMF3,
Pending,PR17824,KPB - Parachute & Vatika Hair Oil (1003),1,2010,WMF3,WH34298,KPB-HOLDING,KPB-HOLDINGAR-WMF3-2,Rack-1,Bin-1,43375722B,Normal,Beauty,Rack-1,Bin-1,WMF3,
Pending,PR17824,KPB - Parachute & Vatika Hair Oil (1003),1,2010,WMF3,WH34299,KPB-HOLDING,KPB-HOLDINGAR-WMF3-2,Rack-1,Bin-1,43375722B,Normal,Beauty,Rack-1,Bin-1,WMF3,
Pending,PR17812,KPB - Parachute Hair Oil (1001),1,1230,WMF3,WH34350,KPB-HOLDING,KPB-HOLDINGAR-WMF3-2,Rack-1,Bin-1,43365538B,Normal,Beauty,Rack-1,Bin-1,WMF3,
Pending,PR17812,KPB - Parachute Hair Oil (1001),1,1230,WMF3,WH34351,KPB-HOLDING,KPB-HOLDINGAR-WMF3-2,Rack-1,Bin-1,43365538B,Normal,Beauty,Rack-1,Bin-1,WMF3,
Pending,PR17812,KPB - Parachute Hair Oil (1001),1,1230,WMF3,WH34352,KPB-HOLDING,KPB-HOLDINGAR-WMF3-2,Rack-1,Bin-1,43365538B,Normal,Beauty,Rack-1,Bin-1,WMF3,
Pending,PR17812,KPB - Parachute Hair Oil (1001),1,1230,WMF3,WH34353,KPB-HOLDING,KPB-HOLDINGAR-WMF3-2,Rack-1,Bin-1,43365538B,Normal,Beauty,Rack-1,Bin-1,WMF3,
Pending,PR17812,KPB - Parachute Hair Oil (1001),1,1230,WMF3,WH34354,KPB-HOLDING,KPB-HOLDINGAR-WMF3-2,Rack-1,Bin-1,43365538B,Normal,Beauty,Rack-1,Bin-1,WMF3,
Pending,PR17812,KPB - Parachute Hair Oil (1001),1,1230,WMF3,WH34355,KPB-HOLDING,KPB-HOLDINGAR-WMF3-2,Rack-1,Bin-1,43365538B,Normal,Beauty,Rack-1,Bin-1,WMF3,
Pending,PR17812,KPB - Parachute Hair Oil (1001),1,1230,WMF3,WH34356,KPB-HOLDING,KPB-HOLDINGAR-WMF3-2,Rack-1,Bin-1,43365538B,Normal,Beauty,Rack-1,Bin-1,WMF3,
Pending,PR17812,KPB - Parachute Hair Oil (1001),1,1230,WMF3,WH34357,KPB-HOLDING,KPB-HOLDINGAR-WMF3-2,Rack-1,Bin-1,43365538B,Normal,Beauty,Rack-1,Bin-1,WMF3,
Pending,PR17812,KPB - Parachute Hair Oil (1001),1,1230,WMF3,WH34358,KPB-HOLDING,KPB-HOLDINGAR-WMF3-2,Rack-1,Bin-1,43365538B,Normal,Beauty,Rack-1,Bin-1,WMF3,
Pending,PR17812,KPB - Parachute Hair Oil (1001),1,1230,WMF3,WH34359,KPB-HOLDING,KPB-HOLDINGAR-WMF3-2,Rack-1,Bin-1,43365538B,Normal,Beauty,Rack-1,Bin-1,WMF3,
Pending,PR17818,KPB - Parachute Hair Oil (1002),1,2016,WMF3,WH34330,KPB-HOLDING,KPB-HOLDINGAR-WMF3-2,Rack-1,Bin-1,43370764A,Normal,Beauty,Rack-1,Bin-1,WMF3,
Pending,PR17818,KPB - Parachute Hair Oil (1002),1,2016,WMF3,WH34331,KPB-HOLDING,KPB-HOLDINGAR-WMF3-2,Rack-1,Bin-1,43370764A,Normal,Beauty,Rack-1,Bin-1,WMF3,
Pending,PR17818,KPB - Parachute Hair Oil (1002),1,2016,WMF3,WH34332,KPB-HOLDING,KPB-HOLDINGAR-WMF3-2,Rack-1,Bin-1,43370764A,Normal,Beauty,Rack-1,Bin-1,WMF3,
Pending,PR17818,KPB - Parachute Hair Oil (1002),1,2016,WMF3,WH34333,KPB-HOLDING,KPB-HOLDINGAR-WMF3-2,Rack-1,Bin-1,43370764A,Normal,Beauty,Rack-1,Bin-1,WMF3,
Pending,PR17818,KPB - Parachute Hair Oil (1002),1,2016,WMF3,WH34334,KPB-HOLDING,KPB-HOLDINGAR-WMF3-2,Rack-1,Bin-1,43370764A,Normal,Beauty,Rack-1,Bin-1,WMF3,
Pending,PR17818,KPB - Parachute Hair Oil (1002),1,2016,WMF3,WH34335,KPB-HOLDING,KPB-HOLDINGAR-WMF3-2,Rack-1,Bin-1,43370764A,Normal,Beauty,Rack-1,Bin-1,WMF3,
Pending,PR17818,KPB - Parachute Hair Oil (1002),1,2016,WMF3,WH34336,KPB-HOLDING,KPB-HOLDINGAR-WMF3-2,Rack-1,Bin-1,43370764A,Normal,Beauty,Rack-1,Bin-1,WMF3,
Pending,PR17818,KPB - Parachute Hair Oil (1002),1,2016,WMF3,WH34337,KPB-HOLDING,KPB-HOLDINGAR-WMF3-2,Rack-1,Bin-1,43370764A,Normal,Beauty,Rack-1,Bin-1,WMF3,
Pending,PR17818,KPB - Parachute Hair Oil (1002),1,2016,WMF3,WH34338,KPB-HOLDING,KPB-HOLDINGAR-WMF3-2,Rack-1,Bin-1,43370764A,Normal,Beauty,Rack-1,Bin-1,WMF3,
Pending,PR17818,KPB - Parachute Hair Oil (1002),1,2016,WMF3,WH34339,KPB-HOLDING,KPB-HOLDINGAR-WMF3-2,Rack-1,Bin-1,43370764A,Normal,Beauty,Rack-1,Bin-1,WMF3,
Pending,PR17810,KPB - Soap (1001),1,4504,WMF3,WH35261,KPB-HOLDING,KPB-HOLDINGAR-WMF3-2,Rack-1,Bin-1,43363394B,Normal,Beauty,Rack-1,Bin-1,WMF3,
Pending,PR17810,KPB - Soap (1001),1,4504,WMF3,WH35262,KPB-HOLDING,KPB-HOLDINGAR-WMF3-2,Rack-1,Bin-1,43363394B,Normal,Beauty,Rack-1,Bin-1,WMF3,
Pending,PR17810,KPB - Soap (1001),1,4504,WMF3,WH35263,KPB-HOLDING,KPB-HOLDINGAR-WMF3-2,Rack-1,Bin-1,43363394B,Normal,Beauty,Rack-1,Bin-1,WMF3,
Pending,PR17810,KPB - Soap (1001),1,4504,WMF3,WH35264,KPB-HOLDING,KPB-HOLDINGAR-WMF3-2,Rack-1,Bin-1,43363394B,Normal,Beauty,Rack-1,Bin-1,WMF3,
Pending,PR17810,KPB - Soap (1001),1,4504,WMF3,WH35265,KPB-HOLDING,KPB-HOLDINGAR-WMF3-2,Rack-1,Bin-1,43363394B,Normal,Beauty,Rack-1,Bin-1,WMF3,
Pending,PR17810,KPB - Soap (1001),1,4504,WMF3,WH35266,KPB-HOLDING,KPB-HOLDINGAR-WMF3-2,Rack-1,Bin-1,43363394B,Normal,Beauty,Rack-1,Bin-1,WMF3,
Pending,PR17810,KPB - Soap (1001),1,4504,WMF3,WH35267,KPB-HOLDING,KPB-HOLDINGAR-WMF3-2,Rack-1,Bin-1,43363394B,Normal,Beauty,Rack-1,Bin-1,WMF3,
Pending,PR17810,KPB - Soap (1001),1,4504,WMF3,WH35268,KPB-HOLDING,KPB-HOLDINGAR-WMF3-2,Rack-1,Bin-1,43363394B,Normal,Beauty,Rack-1,Bin-1,WMF3,
Pending,PR17810,KPB - Soap (1001),1,4504,WMF3,WH35269,KPB-HOLDING,KPB-HOLDINGAR-WMF3-2,Rack-1,Bin-1,43363394B,Normal,Beauty,Rack-1,Bin-1,WMF3,
Pending,PR17810,KPB - Soap (1001),1,4504,WMF3,WH35270,KPB-HOLDING,KPB-HOLDINGAR-WMF3-2,Rack-1,Bin-1,43363394B,Normal,Beauty,Rack-1,Bin-1,WMF3,
Pending,PR17289,KPB - Soap (1005),1,5504,WMF3,WH35130,KPB-HOLDING,KPB-HOLDINGAR-WMF3-2,Rack-1,Bin-1,5.04113E+11,Normal,Beauty,Rack-1,Bin-1,WMF3,
Pending,PR17289,KPB - Soap (1005),1,5504,WMF3,WH35131,KPB-HOLDING,KPB-HOLDINGAR-WMF3-2,Rack-1,Bin-1,5.04113E+11,Normal,Beauty,Rack-1,Bin-1,WMF3,
Pending,PR17289,KPB - Soap (1005),1,5504,WMF3,WH35132,KPB-HOLDING,KPB-HOLDINGAR-WMF3-2,Rack-1,Bin-1,5.04113E+11,Normal,Beauty,Rack-1,Bin-1,WMF3,
Pending,PR17289,KPB - Soap (1005),1,5504,WMF3,WH35133,KPB-HOLDING,KPB-HOLDINGAR-WMF3-2,Rack-1,Bin-1,5.04113E+11,Normal,Beauty,Rack-1,Bin-1,WMF3,
Pending,PR17289,KPB - Soap (1005),1,5504,WMF3,WH35134,KPB-HOLDING,KPB-HOLDINGAR-WMF3-2,Rack-1,Bin-1,5.04113E+11,Normal,Beauty,Rack-1,Bin-1,WMF3,
Pending,PR17289,KPB - Soap (1005),1,5504,WMF3,WH35135,KPB-HOLDING,KPB-HOLDINGAR-WMF3-2,Rack-1,Bin-1,5.04113E+11,Normal,Beauty,Rack-1,Bin-1,WMF3,
Pending,PR17289,KPB - Soap (1005),1,5504,WMF3,WH35136,KPB-HOLDING,KPB-HOLDINGAR-WMF3-2,Rack-1,Bin-1,5.04113E+11,Normal,Beauty,Rack-1,Bin-1,WMF3,
Pending,PR17289,KPB - Soap (1005),1,5504,WMF3,WH35137,KPB-HOLDING,KPB-HOLDINGAR-WMF3-2,Rack-1,Bin-1,5.04113E+11,Normal,Beauty,Rack-1,Bin-1,WMF3,
Pending,PR17289,KPB - Soap (1005),1,5504,WMF3,WH35138,KPB-HOLDING,KPB-HOLDINGAR-WMF3-2,Rack-1,Bin-1,5.04113E+11,Normal,Beauty,Rack-1,Bin-1,WMF3,
Pending,PR17289,KPB - Soap (1005),1,5504,WMF3,WH35139,KPB-HOLDING,KPB-HOLDINGAR-WMF3-2,Rack-1,Bin-1,5.04113E+11,Normal,Beauty,Rack-1,Bin-1,WMF3,
Pending,PR17834,KPB - Soap (1006),1,6720,WMF3,WH35245,KPB-HOLDING,KPB-HOLDINGAR-WMF3-2,Rack-1,Bin-1,43383762B,Normal,Beauty,Rack-1,Bin-1,WMF3,
Pending,PR17834,KPB - Soap (1006),1,6720,WMF3,WH35246,KPB-HOLDING,KPB-HOLDINGAR-WMF3-2,Rack-1,Bin-1,43383762B,Normal,Beauty,Rack-1,Bin-1,WMF3,
Pending,PR17834,KPB - Soap (1006),1,6720,WMF3,WH35247,KPB-HOLDING,KPB-HOLDINGAR-WMF3-2,Rack-1,Bin-1,43383762B,Normal,Beauty,Rack-1,Bin-1,WMF3,
Pending,PR17834,KPB - Soap (1006),1,6720,WMF3,WH35248,KPB-HOLDING,KPB-HOLDINGAR-WMF3-2,Rack-1,Bin-1,43383762B,Normal,Beauty,Rack-1,Bin-1,WMF3,
Pending,PR17834,KPB - Soap (1006),1,6720,WMF3,WH35249,KPB-HOLDING,KPB-HOLDINGAR-WMF3-2,Rack-1,Bin-1,43383762B,Normal,Beauty,Rack-1,Bin-1,WMF3,
Pending,PR17834,KPB - Soap (1006),1,6720,WMF3,WH35250,KPB-HOLDING,KPB-HOLDINGAR-WMF3-2,Rack-1,Bin-1,43383762B,Normal,Beauty,Rack-1,Bin-1,WMF3,
Pending,PR17834,KPB - Soap (1006),1,6720,WMF3,WH35251,KPB-HOLDING,KPB-HOLDINGAR-WMF3-2,Rack-1,Bin-1,43383762B,Normal,Beauty,Rack-1,Bin-1,WMF3,
Pending,PR17834,KPB - Soap (1006),1,6720,WMF3,WH35255,KPB-HOLDING,KPB-HOLDINGAR-WMF3-2,Rack-1,Bin-1,43383762B,Normal,Beauty,Rack-1,Bin-1,WMF3,
Pending,PR17834,KPB - Soap (1006),1,6720,WMF3,WH35256,KPB-HOLDING,KPB-HOLDINGAR-WMF3-2,Rack-1,Bin-1,43383762B,Normal,Beauty,Rack-1,Bin-1,WMF3,
Pending,PR17834,KPB - Soap (1006),1,6720,WMF3,WH35257,KPB-HOLDING,KPB-HOLDINGAR-WMF3-2,Rack-1,Bin-1,43383762B,Normal,Beauty,Rack-1,Bin-1,WMF3,
Pending,PR17753,KPB - Soap (1011),1,5332,WMF3,WH35807,KPB-HOLDING,KPB-HOLDINGAR-WMF3-1,Rack-1,Bin-1,32336405,Normal,Beauty,Rack-1,Bin-1,WMF3,
Pending,PR17753,KPB - Soap (1011),1,5332,WMF3,WH35808,KPB-HOLDING,KPB-HOLDINGAR-WMF3-1,Rack-1,Bin-1,32336405,Normal,Beauty,Rack-1,Bin-1,WMF3,
Pending,PR17753,KPB - Soap (1011),1,5332,WMF3,WH35809,KPB-HOLDING,KPB-HOLDINGAR-WMF3-1,Rack-1,Bin-1,32336405,Normal,Beauty,Rack-1,Bin-1,WMF3,
Pending,PR17753,KPB - Soap (1011),1,5332,WMF3,WH35810,KPB-HOLDING,KPB-HOLDINGAR-WMF3-1,Rack-1,Bin-1,32336405,Normal,Beauty,Rack-1,Bin-1,WMF3,
Pending,PR17753,KPB - Soap (1011),1,5332,WMF3,WH35811,KPB-HOLDING,KPB-HOLDINGAR-WMF3-1,Rack-1,Bin-1,32336405,Normal,Beauty,Rack-1,Bin-1,WMF3,
Pending,PR17778,KPB - Soap (1012),1,4512,WMF3,WH35793,KPB-HOLDING,KPB-HOLDINGAR-WMF3-1,Rack-1,Bin-1,923810824,Normal,Beauty,Rack-1,Bin-1,WMF3,
Pending,PR17778,KPB - Soap (1012),1,4512,WMF3,WH35794,KPB-HOLDING,KPB-HOLDINGAR-WMF3-1,Rack-1,Bin-1,923810824,Normal,Beauty,Rack-1,Bin-1,WMF3,
Pending,PR17778,KPB - Soap (1012),1,4512,WMF3,WH35795,KPB-HOLDING,KPB-HOLDINGAR-WMF3-1,Rack-1,Bin-1,923810824,Normal,Beauty,Rack-1,Bin-1,WMF3,
Pending,PR17778,KPB - Soap (1012),1,4512,WMF3,WH35796,KPB-HOLDING,KPB-HOLDINGAR-WMF3-1,Rack-1,Bin-1,923810824,Normal,Beauty,Rack-1,Bin-1,WMF3,
Pending,PR17778,KPB - Soap (1012),1,4512,WMF3,WH35797,KPB-HOLDING,KPB-HOLDINGAR-WMF3-1,Rack-1,Bin-1,923810824,Normal,Beauty,Rack-1,Bin-1,WMF3,
Pending,PR17798,KPB - Soap (1013),1,4382,WMF3,WH35750,KPB-HOLDING,KPB-HOLDINGAR-WMF3-1,Rack-1,Bin-1,23239633DF,Normal,Beauty,Rack-1,Bin-1,WMF3,
Pending,PR17798,KPB - Soap (1013),1,4382,WMF3,WH35751,KPB-HOLDING,KPB-HOLDINGAR-WMF3-1,Rack-1,Bin-1,23239633DF,Normal,Beauty,Rack-1,Bin-1,WMF3,
Pending,PR17798,KPB - Soap (1013),1,4382,WMF3,WH35752,KPB-HOLDING,KPB-HOLDINGAR-WMF3-1,Rack-1,Bin-1,23239633DF,Normal,Beauty,Rack-1,Bin-1,WMF3,
Pending,PR17798,KPB - Soap (1013),1,4382,WMF3,WH35753,KPB-HOLDING,KPB-HOLDINGAR-WMF3-1,Rack-1,Bin-1,23239633DF,Normal,Beauty,Rack-1,Bin-1,WMF3,
Pending,PR17798,KPB - Soap (1013),1,4382,WMF3,WH35754,KPB-HOLDING,KPB-HOLDINGAR-WMF3-1,Rack-1,Bin-1,23239633DF,Normal,Beauty,Rack-1,Bin-1,WMF3,
Pending,PR17800,KPB - Soap (1014),1,4587,WMF3,WH35772,KPB-HOLDING,KPB-HOLDINGAR-WMF3-1,Rack-1,Bin-1,23241245DF,Normal,Beauty,Rack-1,Bin-1,WMF3,
Pending,PR17800,KPB - Soap (1014),1,4587,WMF3,WH35773,KPB-HOLDING,KPB-HOLDINGAR-WMF3-1,Rack-1,Bin-1,23241245DF,Normal,Beauty,Rack-1,Bin-1,WMF3,
Pending,PR17800,KPB - Soap (1014),1,4587,WMF3,WH35774,KPB-HOLDING,KPB-HOLDINGAR-WMF3-1,Rack-1,Bin-1,23241245DF,Normal,Beauty,Rack-1,Bin-1,WMF3,
Pending,PR17800,KPB - Soap (1014),1,4587,WMF3,WH35775,KPB-HOLDING,KPB-HOLDINGAR-WMF3-1,Rack-1,Bin-1,23241245DF,Normal,Beauty,Rack-1,Bin-1,WMF3,
Pending,PR17800,KPB - Soap (1014),1,4587,WMF3,WH35776,KPB-HOLDING,KPB-HOLDINGAR-WMF3-1,Rack-1,Bin-1,23241245DF,Normal,Beauty,Rack-1,Bin-1,WMF3,
Pending,PR17754,KPB - Toothpaste (1011),1,5904,WMF3,WH35804,KPB-HOLDING,KPB-HOLDINGAR-WMF3-1,Rack-1,Bin-1,32342537,Normal,Beauty,Rack-1,Bin-1,WMF3,
Pending,PR17754,KPB - Toothpaste (1011),1,5904,WMF3,WH35805,KPB-HOLDING,KPB-HOLDINGAR-WMF3-1,Rack-1,Bin-1,32342537,Normal,Beauty,Rack-1,Bin-1,WMF3,
Pending,PR17754,KPB - Toothpaste (1011),1,5904,WMF3,WH35806,KPB-HOLDING,KPB-HOLDINGAR-WMF3-1,Rack-1,Bin-1,32342537,Normal,Beauty,Rack-1,Bin-1,WMF3,
Pending,PR17793,KPB - Toothpaste (1012),1,6140,WMF3,WH35190,KPB-HOLDING,KPB-HOLDINGAR-WMF3-2,Rack-1,Bin-1,23234549FEFEF,Normal,Beauty,Rack-1,Bin-1,WMF3,
Pending,PR17793,KPB - Toothpaste (1012),1,6140,WMF3,WH35191,KPB-HOLDING,KPB-HOLDINGAR-WMF3-2,Rack-1,Bin-1,23234549FEFEF,Normal,Beauty,Rack-1,Bin-1,WMF3,
Pending,PR17793,KPB - Toothpaste (1012),1,6140,WMF3,WH35192,KPB-HOLDING,KPB-HOLDINGAR-WMF3-2,Rack-1,Bin-1,23234549FEFEF,Normal,Beauty,Rack-1,Bin-1,WMF3,
Pending,PR17793,KPB - Toothpaste (1012),1,5552,WMF3,WH35801,KPB-HOLDING,KPB-HOLDINGAR-WMF3-1,Rack-1,Bin-1,23234549FEFEF,Normal,Beauty,Rack-1,Bin-1,WMF3,
Pending,PR17793,KPB - Toothpaste (1012),1,5552,WMF3,WH35802,KPB-HOLDING,KPB-HOLDINGAR-WMF3-1,Rack-1,Bin-1,23234549FEFEF,Normal,Beauty,Rack-1,Bin-1,WMF3,
Pending,PR17793,KPB - Toothpaste (1012),1,5552,WMF3,WH35803,KPB-HOLDING,KPB-HOLDINGAR-WMF3-1,Rack-1,Bin-1,23234549FEFEF,Normal,Beauty,Rack-1,Bin-1,WMF3,
Pending,PR17801,KPB - Toothpaste (1014),1,4859,WMF3,WH35782,KPB-HOLDING,KPB-HOLDINGAR-WMF3-1,Rack-1,Bin-1,23242237AD,Normal,Beauty,Rack-1,Bin-1,WMF3,
Pending,PR17801,KPB - Toothpaste (1014),1,4859,WMF3,WH35783,KPB-HOLDING,KPB-HOLDINGAR-WMF3-1,Rack-1,Bin-1,23242237AD,Normal,Beauty,Rack-1,Bin-1,WMF3,
Pending,PR17801,KPB - Toothpaste (1014),1,4859,WMF3,WH35784,KPB-HOLDING,KPB-HOLDINGAR-WMF3-1,Rack-1,Bin-1,23242237AD,Normal,Beauty,Rack-1,Bin-1,WMF3,
Pending,PR17842,Testing KPB Product,9,600,WMF3,WH33701,Normal,NormalAR-WMF3-1,Rack-1,Bin-1,87463587345,Normal,Beauty,Rack-1,Bin-1,WMF3,